Numéro;Date;Montant;Etat;Tiers;Catégories;Sous-catégorie;Compte;Compte virement;Mode paiement;Ref. Paiement;Référence;Projets/Biens;Commentaire
0;01/11/2021;3;2;Ma Tirelire;Transferts;Transfert;FrenchBanq;;Autre;;;;
1;01/11/2021;-2,9;2;French Bank;Frais bancaires;Services / Abonnement;FrenchBanq;;Autre;;;;
2;03/11/2021;600;2;Livret A;Transferts;Transfert;FrenchBanq;;Autre;;;;
3;04/11/2021;866,38;2;CPAM DE L'ARTOIS;Autres revenus;Pension Invalidité;FrenchBanq;;Autre;;;;
4;08/11/2021;-12;2;PIZZA MAXIME;Alimentation;Restaurant;FrenchBanq;;Autre;;;;
5;08/11/2021;-0,6;2;Ma Tirelire;Transferts;Transfert;FrenchBanq;;Autre;;;;
6;08/11/2021;-3,21;2;FreeMobile;Abonnement/factures;Portable;FrenchBanq;;Autre;;;;
7;10/11/2021;-9,9;2;Au Tabac;Alimentation;Café/Bar/Tabac;FrenchBanq;;Autre;;;;
8;10/11/2021;-0,4;2;Ma Tirelire;Transferts;Transfert;FrenchBanq;;Autre;;;;
9;10/11/2021;-1,2;2;Tadao;Transports;Metro/Bus/Train;FrenchBanq;;Autre;;;;
10;10/11/2021;-0,06;2;Ma Tirelire;Transferts;Transfert;FrenchBanq;;Autre;;;;
11;10/11/2021;-19,99;2;FreeMobile;Abonnement/factures;Portable;FrenchBanq;;Autre;;;;
12;10/11/2021;-0,5;2;Ma Tirelire;Transferts;Transfert;FrenchBanq;;Autre;;;;
13;10/11/2021;-7,98;2;ProBtp;Santé;Complémentaire santé;FrenchBanq;;Autre;;;;
14;15/11/2021;-9,9;2;Compagnon de la Vape;Alimentation;Café/Bar/Tabac;FrenchBanq;;Autre;;;;
15;15/11/2021;-0,5;2;Ma Tirelire;Transferts;Transfert;FrenchBanq;;Autre;;;;
16;15/11/2021;-52,8;2;Compagnon de la Vape;Alimentation;Café/Bar/Tabac;FrenchBanq;;Autre;;;;
17;15/11/2021;-2,64;2;Ma Tirelire;Transferts;Transfert;FrenchBanq;;Autre;;;;
18;15/11/2021;-2,43;2;Ma Tirelire;Transferts;Transfert;FrenchBanq;;Autre;;;;
19;19/11/2021;-11,2;2;Le Marigny;Alimentation;Café/Bar/Tabac;FrenchBanq;;Autre;;;;
20;19/11/2021;-0,56;2;Ma Tirelire;Transferts;Transfert;FrenchBanq;;Autre;;;;
21;22/11/2021;-28,3;2;Le Marigny;Alimentation;Café/Bar/Tabac;FrenchBanq;;Autre;;;;
22;22/11/2021;-1,42;2;Ma Tirelire;Transferts;Transfert;FrenchBanq;;Autre;;;;
23;22/11/2021;-181,15;2;Leclerc;Alimentation;Épicerie;FrenchBanq;;Autre;;;;
24;22/11/2021;-9,06;2;Ma Tirelire;Transferts;Transfert;FrenchBanq;;Autre;;;;
25;22/11/2021;-90,9;2;Tomate cerise;Alimentation;Restaurant;FrenchBanq;;Autre;;;;
26;22/11/2021;-4,55;2;Ma Tirelire;Transferts;Transfert;FrenchBanq;;Autre;;;;
27;22/11/2021;-20,8;2;Cineville Henin;Loisirs/culture/sport;Cinéma/spectacle;FrenchBanq;;Autre;;;;
28;22/11/2021;-1,04;2;Ma Tirelire;Transferts;Transfert;FrenchBanq;;Autre;;;;
29;24/11/2021;-9,9;2;Le Marigny;Alimentation;Café/Bar/Tabac;FrenchBanq;;Autre;;;;
30;24/11/2021;-0,5;2;Ma Tirelire;Transferts;Transfert;FrenchBanq;;Autre;;;;
31;29/11/2021;-9,9;2;La Civette;Alimentation;Café/Bar/Tabac;FrenchBanq;;Autre;;;;
32;29/11/2021;-0,5;2;Ma Tirelire;Transferts;Transfert;FrenchBanq;;Autre;;;;
33;30/11/2021;-225,2;2;Astucio Huissier;Abonnement/factures;Abonnement/factures;FrenchBanq;;Autre;;;;
34;30/11/2021;-11,26;2;Ma Tirelire;Transferts;Transfert;FrenchBanq;;Autre;;;;
35;30/11/2021;-2,9;2;French Bank;Frais bancaires;Services / Abonnement;FrenchBanq;;Autre;;;;
36;01/12/2021;-4,7;2;Ajustement Du Compte;Divers;Divers;FrenchBanq;;Autre;;;;
37;06/12/2021;866,38;2;CPAM DE L'ARTOIS;Autres revenus;Pension Invalidité;FrenchBanq;;Autre;;;;
38;06/12/2021;-102,6;2;Leclerc;Abonnement/factures;Ménage;FrenchBanq;;Autre;;;;
39;06/12/2021;-5,13;2;Ma Tirelire;Transferts;Transfert;FrenchBanq;;Autre;;;;
40;06/12/2021;-120;2;Dans La Poche;Transferts;Transfert;FrenchBanq;;Autre;;;;
41;06/12/2021;-0,9;2;French Bank;Frais bancaires;Frais divers;FrenchBanq;;Autre;;;;
42;06/12/2021;-6;2;Ma Tirelire;Transferts;Transfert;FrenchBanq;;Autre;;;;
43;07/12/2021;-19,8;2;La Civette;Alimentation;Café/Bar/Tabac;FrenchBanq;;Autre;;;;
44;07/12/2021;-0,99;2;Ma Tirelire;Transferts;Transfert;FrenchBanq;;Autre;;;;
45;09/12/2021;-19,99;2;FreeMobile;Abonnement/factures;Portable;FrenchBanq;;Autre;;;;
46;10/12/2021;-0,6;2;A La Maison;Abonnement/factures;Abonnement/factures;FrenchBanq;;Autre;;;;
47;10/12/2021;-0,03;2;Ma Tirelire;Transferts;Transfert;FrenchBanq;;Autre;;;;
48;13/12/2021;-184,65;2;Leclerc;Alimentation;Épicerie;FrenchBanq;;Autre;;;;
49;13/12/2021;-9,23;2;Ma Tirelire;Transferts;Transfert;FrenchBanq;;Autre;;;;
50;20/12/2021;-200;2;SCP ZEHNDER-AMOU;Divers;Responsabilité civile;FrenchBanq;;Autre;;;;
51;21/12/2021;-9,9;2;Au Tabac;Alimentation;Café/Bar/Tabac;FrenchBanq;;Autre;;;;
52;21/12/2021;-0,5;2;Ma Tirelire;Transferts;Transfert;FrenchBanq;;Autre;;;;
53;22/12/2021;-50,9;2;Le Kioque a Pizza;Alimentation;Restaurant;FrenchBanq;;Autre;;;;
54;22/12/2021;-2,55;2;Ma Tirelire;Transferts;Transfert;FrenchBanq;;Autre;;;;
55;23/12/2021;-9,9;2;Au Tabac;Alimentation;Café/Bar/Tabac;FrenchBanq;;Autre;;;;
56;23/12/2021;-0,5;2;Ma Tirelire;Transferts;Transfert;FrenchBanq;;Autre;;;;
57;29/12/2021;-14;2;Carre d'as;Alimentation;Café/Bar/Tabac;FrenchBanq;;Autre;;;;
58;29/12/2021;-0,7;2;Ma Tirelire;Transferts;Transfert;FrenchBanq;;Autre;;;;
59;31/12/2021;-204,52;2;Leclerc;Alimentation;Épicerie;FrenchBanq;;Autre;;,;;
60;31/12/2021;-10,23;2;Ma Tirelire;Transferts;Transfert;FrenchBanq;;Autre;;;;
61;31/12/2021;-2,9;2;French Bank;Frais bancaires;Services / Abonnement;FrenchBanq;;Autre;;;;
62;03/01/2022;-60,9;2;Le comptoir du malt;Alimentation;Restaurant;FrenchBanq;;Autre;;;;
63;03/01/2022;-3,05;2;Ma Tirelire;Transferts;Transfert;FrenchBanq;;Autre;;;;
64;04/01/2022;-9,9;2;Au Tabac;Alimentation;Café/Bar/Tabac;FrenchBanq;;Autre;;;;
65;04/01/2022;-0,5;2;Ma Tirelire;Transferts;Transfert;FrenchBanq;;Autre;;;;
66;04/01/2022;49;2;Amazon;Autres revenus;Autres revenus;FrenchBanq;;Autre;;;;
67;06/01/2022;866,38;2;CPAM DE L'ARTOIS;Autres revenus;Pension Invalidité;FrenchBanq;;Autre;;;;
68;07/01/2022;-44;2;Friterie Regis;Alimentation;Restaurant;FrenchBanq;;Autre;;;;
69;10/01/2022;-15,8;2;pizza eli;Alimentation;Restaurant;FrenchBanq;;Autre;;;;
70;10/01/2022;-0,79;2;Ma Tirelire;Transferts;Transfert;FrenchBanq;;Autre;;;;
71;10/01/2022;-9,9;2;Au Tabac;Alimentation;Café/Bar/Tabac;FrenchBanq;;Autre;;;;
72;10/01/2022;-0,5;2;Ma Tirelire;Transferts;Transfert;FrenchBanq;;Autre;;;;
73;10/01/2022;-68,3;2;Amazon;Équipement du logement;Équipement du logement;FrenchBanq;;Autre;;;;
74;10/01/2022;-3,42;2;Ma Tirelire;Transferts;Transfert;FrenchBanq;;Autre;;;;
75;10/01/2022;-15,16;2;DYA Shopping;Équipement du logement;Ameublement;FrenchBanq;;Autre;;;;
76;10/01/2022;-0,76;2;Ma Tirelire;Transferts;Transfert;FrenchBanq;;Autre;;;;
77;10/01/2022;-121,74;2;Leclerc;Alimentation;Épicerie;FrenchBanq;;Autre;;;;
78;10/01/2022;-6,09;2;Ma Tirelire;Transferts;Transfert;FrenchBanq;;Autre;;;;
79;11/01/2022;-0,5;2;Ma Tirelire;Transferts;Transfert;FrenchBanq;;Autre;;;;
80;11/01/2022;-9,9;2;Au Tabac;Alimentation;Café/Bar/Tabac;FrenchBanq;;Autre;;;;
81;11/01/2022;-19,99;2;FreeMobile;Abonnement/factures;Portable;FrenchBanq;;Autre;;;;
82;13/01/2022;-9,9;2;Au Tabac;Alimentation;Café/Bar/Tabac;FrenchBanq;;Autre;;;;
83;13/01/2022;-0,5;2;Ma Tirelire;Transferts;Transfert;FrenchBanq;;Autre;;;;
84;17/01/2022;-11,1;2;Au Tabac;Alimentation;Café/Bar/Tabac;FrenchBanq;;Autre;;;;
85;17/01/2022;-0,56;2;Ma Tirelire;Transferts;Transfert;FrenchBanq;;Autre;;;;
86;17/01/2022;-132,61;2;Leclerc;Alimentation;Épicerie;FrenchBanq;;Autre;;;;
87;17/01/2022;-6,63;2;Ma Tirelire;Transferts;Transfert;FrenchBanq;;Autre;;;;
88;19/01/2022;-9,9;2;Au Tabac;Alimentation;Café/Bar/Tabac;FrenchBanq;;Autre;;;;
89;19/01/2022;-0,5;2;Ma Tirelire;Transferts;Transfert;FrenchBanq;;Autre;;;;
90;19/01/2022;-124,74;2;Leclerc;Alimentation;Épicerie;FrenchBanq;;Autre;;;;
91;19/01/2022;-6,24;2;Ma Tirelire;Transferts;Transfert;FrenchBanq;;Autre;;;;
92;20/01/2022;-200;2;SCP ZEHNDER-AMOU;Divers;Responsabilité civile;FrenchBanq;;Autre;;;;
93;20/01/2022;-31,98;2;GIFI;Équipement du logement;Ameublement;FrenchBanq;;Autre;;;;
94;20/01/2022;-1,6;2;Ma Tirelire;Transferts;Transfert;FrenchBanq;;Autre;;;;
95;20/01/2022;-5,07;2;Action;Équipement du logement;Équipement du logement;FrenchBanq;;Autre;;;;
96;20/01/2022;-0,25;2;Ma Tirelire;Transferts;Transfert;FrenchBanq;;Autre;;;;
97;20/01/2022;16;2;GIFI;Autres revenus;Autres revenus;FrenchBanq;;Autre;;;;
98;21/01/2022;100;2;CPAM DE L'ARTOIS;Autres revenus;Pension Invalidité;FrenchBanq;;Autre;;;;
99;24/01/2022;-0,5;2;Ma Tirelire;Transferts;Transfert;FrenchBanq;;Autre;;;;
100;24/01/2022;-9,9;2;Au Tabac;Alimentation;Café/Bar/Tabac;FrenchBanq;;Autre;;;;
101;24/01/2022;-0,5;2;Ma Tirelire;Transferts;Transfert;FrenchBanq;;Autre;;;;
102;25/01/2022;-9,9;2;Au Tabac;Alimentation;Café/Bar/Tabac;FrenchBanq;;Autre;;;;
103;27/01/2022;-9,9;2;Au Tabac;Alimentation;Café/Bar/Tabac;FrenchBanq;;Autre;;;;
104;27/01/2022;-0,5;2;Ma Tirelire;Transferts;Transfert;FrenchBanq;;Autre;;;;
105;31/01/2022;-9,9;2;Au Tabac;Alimentation;Café/Bar/Tabac;FrenchBanq;;Autre;;;;
106;31/01/2022;-0,5;2;Ma Tirelire;Transferts;Transfert;FrenchBanq;;Autre;;;;
107;31/01/2022;-154,84;2;Leclerc;Alimentation;Épicerie;FrenchBanq;;Autre;;;;
108;31/01/2022;-7,74;2;Ma Tirelire;Transferts;Transfert;FrenchBanq;;Autre;;;;
109;31/01/2022;-2,9;2;French Bank;Frais bancaires;Services / Abonnement;FrenchBanq;;Autre;;;;
110;31/01/2022;-9,9;2;Au Tabac;Alimentation;Café/Bar/Tabac;FrenchBanq;;Autre;;;;
111;01/02/2022;-0,5;2;Ma Tirelire;Transferts;Transfert;FrenchBanq;;Autre;;;;
112;03/02/2022;-10;2;Au Tabac;Alimentation;Café/Bar/Tabac;FrenchBanq;;Autre;;;;
113;03/02/2022;943,59;2;CPAM DE L'ARTOIS;Autres revenus;Pension Invalidité;FrenchBanq;;Autre;;;;
114;03/02/2022;-0,5;2;Ma Tirelire;Transferts;Transfert;FrenchBanq;;Autre;;;;
115;07/02/2022;-10;2;Au Tabac;Alimentation;Café/Bar/Tabac;FrenchBanq;;Autre;;;;
116;07/02/2022;-0,5;2;Ma Tirelire;Transferts;Transfert;FrenchBanq;;Autre;;;;
117;08/02/2022;-10;2;Au Tabac;Alimentation;Café/Bar/Tabac;FrenchBanq;;Autre;;;;
118;08/02/2022;-0,5;2;Ma Tirelire;Transferts;Transfert;FrenchBanq;;Autre;;;;
119;10/02/2022;-0,5;2;Ma Tirelire;Transferts;Transfert;FrenchBanq;;Autre;;;;
120;10/02/2022;-19,99;2;FreeMobile;Abonnement/factures;Portable;FrenchBanq;;Autre;;;;
121;10/02/2022;-10;2;Au Tabac;Alimentation;Café/Bar/Tabac;FrenchBanq;;Autre;;;;
122;11/02/2022;-255,55;2;Leclerc;Alimentation;Épicerie;FrenchBanq;;Autre;;;;
123;11/02/2022;-12,78;2;Ma Tirelire;Transferts;Transfert;FrenchBanq;;Autre;;;;
124;14/02/2022;-10;2;Au Tabac;Alimentation;Café/Bar/Tabac;FrenchBanq;;Autre;;;;
125;14/02/2022;-0,5;2;Ma Tirelire;Transferts;Transfert;FrenchBanq;;Autre;;;;
126;14/02/2022;-108,73;2;Henri Boucher;Alimentation;Épicerie;FrenchBanq;;Autre;;;;
127;14/02/2022;-5,44;2;Ma Tirelire;Transferts;Transfert;FrenchBanq;;Autre;;;;
128;14/02/2022;-60;2;Dans La Poche;Transferts;Transfert;FrenchBanq;;Autre;;Retrait d'es;;
129;14/02/2022;-0,9;2;French Bank;Frais bancaires;Frais divers;FrenchBanq;;Autre;;;;
130;14/02/2022;-3;2;Ma Tirelire;Transferts;Transfert;FrenchBanq;;Autre;;;;
131;15/02/2022;-25,99;2;Brice;Habillement;Vetements;FrenchBanq;;Autre;;;;
132;15/02/2022;-50,14;2;Brice;Habillement;Vetements;FrenchBanq;;Autre;;;;
133;15/02/2022;-1,3;2;Ma Tirelire;Transferts;Transfert;FrenchBanq;;Autre;;;;
134;15/02/2022;-2,51;2;Ma Tirelire;Transferts;Transfert;FrenchBanq;;Autre;;;;
135;15/02/2022;-11,2;2;Au Tabac;Alimentation;Café/Bar/Tabac;FrenchBanq;;Autre;;;;
136;15/02/2022;-0,56;2;Ma Tirelire;Transferts;Transfert;FrenchBanq;;Autre;;;;
137;17/02/2022;-10;2;Au Tabac;Alimentation;Café/Bar/Tabac;FrenchBanq;;Autre;;;;
138;17/02/2022;-0,5;2;Ma Tirelire;Transferts;Transfert;FrenchBanq;;Autre;;;;
139;18/02/2022;-200;2;SCP ZEHNDER-AMOU;Divers;Responsabilité civile;FrenchBanq;;Autre;;;;
140;21/02/2022;-165,69;2;L'Olivier Assurance;Auto/moto;Assurance Auto/moto;FrenchBanq;;Autre;;;;
141;21/02/2022;-8,28;2;Ma Tirelire;Transferts;Transfert;FrenchBanq;;Autre;;;;
142;21/02/2022;-10;2;Au Tabac;Alimentation;Café/Bar/Tabac;FrenchBanq;;Autre;;;;
143;21/02/2022;-0,5;2;Ma Tirelire;Transferts;Transfert;FrenchBanq;;Autre;;;;
144;21/02/2022;-100;2;Booking.com;Vacances;Séjours;FrenchBanq;;Autre;;;;
145;21/02/2022;-5;2;Ma Tirelire;Transferts;Transfert;FrenchBanq;;Autre;;;;
146;21/02/2022;-10;2;Au Tabac;Alimentation;Café/Bar/Tabac;FrenchBanq;;Autre;;;;
147;21/02/2022;-0,5;2;Ma Tirelire;Transferts;Transfert;FrenchBanq;;Autre;;;;
148;21/02/2022;-108,3;2;Aqua Resort;Vacances;Alimentation/restaurant;FrenchBanq;;Autre;;;;
149;21/02/2022;-5,42;2;Ma Tirelire;Transferts;Transfert;FrenchBanq;;Autre;;;;
150;23/02/2022;-10;2;Au Tabac;Alimentation;Café/Bar/Tabac;FrenchBanq;;Autre;;;;
151;23/02/2022;-0,5;2;Ma Tirelire;Transferts;Transfert;FrenchBanq;;Autre;;;;
152;24/02/2022;60;2;Ma Tirelire;Transferts;Transfert;FrenchBanq;;Autre;;;;
153;25/02/2022;-10;2;Au Tabac;Alimentation;Café/Bar/Tabac;FrenchBanq;;Autre;;;;
154;25/02/2022;-0,5;2;Ma Tirelire;Transferts;Transfert;FrenchBanq;;Autre;;;;
155;28/02/2022;-2,9;2;French Bank;Frais bancaires;Services / Abonnement;FrenchBanq;;Autre;;;;
156;28/02/2022;20;2;Ma Tirelire;Transferts;Transfert;FrenchBanq;;Autre;;;;
157;28/02/2022;70;2;Ma Tirelire;Transferts;Transfert;FrenchBanq;;Autre;;;;
158;28/02/2022;-183,37;2;Leclerc;Alimentation;Épicerie;FrenchBanq;;Autre;;;;
159;28/02/2022;-17,5;2;Au Tabac;Alimentation;Café/Bar/Tabac;FrenchBanq;;Autre;;;;
160;01/03/2022;-10;2;Au Tabac;Alimentation;Café/Bar/Tabac;FrenchBanq;;Autre;;;;
161;01/03/2022;-65,3;2;Le Kioque a Pizza;Alimentation;Restaurant;FrenchBanq;;Autre;;;;
162;04/03/2022;987,28;2;CPAM DE L'ARTOIS;Autres revenus;Pension Invalidité;FrenchBanq;;Autre;;;;
163;04/03/2022;231;2;CPAM DE L'ARTOIS;Autres revenus;Pension Invalidité;FrenchBanq;;Autre;;;;
164;04/03/2022;-10;2;Au Tabac;Alimentation;Café/Bar/Tabac;FrenchBanq;;Autre;;;;
165;07/03/2022;-10;2;Au Tabac;Alimentation;Café/Bar/Tabac;FrenchBanq;;Autre;;;;
166;08/03/2022;1078,5;2;ProBtp;Autres revenus;Complémentaire Santé;FrenchBanq;;Autre;;;;
167;08/03/2022;-65;2;CT Oliveira;Auto/moto;Entretien/réparations;FrenchBanq;;Autre;;;;
168;08/03/2022;-10;2;Au Tabac;Alimentation;Café/Bar/Tabac;FrenchBanq;;Autre;;;;
169;08/03/2022;-15,43;2;Action;Équipement du logement;Ordinateur et accessoires;FrenchBanq;;Autre;;;;
170;09/03/2022;-1315;2;Dr Fournier;Santé;Dentiste;FrenchBanq;;Autre;;;;
171;09/03/2022;-169,05;2;Leclerc;Alimentation;Épicerie;FrenchBanq;;Autre;;;;
172;09/03/2022;-19,99;2;FreeMobile;Abonnement/factures;Portable;FrenchBanq;;Autre;;;;
173;11/03/2022;-10;2;Au Tabac;Alimentation;Café/Bar/Tabac;FrenchBanq;;Autre;;;;
174;14/03/2022;-10;2;Au Tabac;Alimentation;Café/Bar/Tabac;FrenchBanq;;Autre;;;;
175;14/03/2022;-10;2;Au Tabac;Alimentation;Café/Bar/Tabac;FrenchBanq;;Autre;;;;
176;17/03/2022;-10;2;Au Tabac;Alimentation;Café/Bar/Tabac;FrenchBanq;;Autre;;;;
177;17/03/2022;-10,01;2;Intermarche;Auto/moto;Carburant;FrenchBanq;;Autre;;;;
178;17/03/2022;-30,01;2;Leclerc;Auto/moto;Carburant;FrenchBanq;;Autre;;;;
179;17/03/2022;-100;2;Dans La Poche;Transferts;Transfert;FrenchBanq;;Autre;;;;
180;18/03/2022;-200;2;SCP ZEHNDER-AMOU;Divers;Responsabilité civile;FrenchBanq;;Autre;;;;
181;18/03/2022;-10;2;Au Tabac;Alimentation;Café/Bar/Tabac;FrenchBanq;;Autre;;;;
182;21/03/2022;-183,8;2;Leclerc;Alimentation;Épicerie;FrenchBanq;;Autre;;;;
183;21/03/2022;-10;2;Au Tabac;Alimentation;Café/Bar/Tabac;FrenchBanq;;Autre;;;;
184;23/03/2022;-10;2;Au Tabac;Alimentation;Café/Bar/Tabac;FrenchBanq;;Autre;;;;
185;25/03/2022;-10;2;Au Tabac;Alimentation;Café/Bar/Tabac;FrenchBanq;;Autre;;;;
186;28/03/2022;500;2;Livret A;Transferts;Transfert;FrenchBanq;;Autre;;;;
187;28/03/2022;-10;2;Au Tabac;Alimentation;Café/Bar/Tabac;FrenchBanq;;Autre;;;;
188;29/03/2022;-10;2;Au Tabac;Alimentation;Café/Bar/Tabac;FrenchBanq;;Autre;;;;
189;30/03/2022;-17,25;2;LIDL;Alimentation;Épicerie;FrenchBanq;;Autre;;;;
190;31/03/2022;-2,9;2;French Bank;Frais bancaires;Services / Abonnement;FrenchBanq;;Autre;;;;
191;31/03/2022;-5,88;2;LIDL;Alimentation;Épicerie;FrenchBanq;;Autre;;;;
192;31/03/2022;-8,99;2;La Foire Fouille;Équipement du logement;Ordinateur et accessoires;FrenchBanq;;Autre;;;;
193;31/03/2022;-10;2;Au Tabac;Alimentation;Café/Bar/Tabac;FrenchBanq;;Autre;;;;
194;31/03/2022;-96,76;2;Siv Carte Grise;Auto/moto;Entretien/réparations;FrenchBanq;;Autre;;;;
195;04/04/2022;-122,65;2;LIDL;Alimentation;Épicerie;FrenchBanq;;Autre;;;;
196;04/04/2022;-87,64;2;Leclerc;Alimentation;Épicerie;FrenchBanq;;Autre;;;;
197;04/04/2022;-10;2;Au Tabac;Alimentation;Café/Bar/Tabac;FrenchBanq;;Autre;;;;
198;05/04/2022;-86,41;2;Intermarche;Auto/moto;Carburant;FrenchBanq;;Autre;;;;
199;05/04/2022;-44,03;2;L'Olivier Assurance;Auto/moto;Assurance Auto/moto;FrenchBanq;;Autre;;;;
200;06/04/2022;974,78;2;CPAM DE L'ARTOIS;Autres revenus;Pension Invalidité;FrenchBanq;;Autre;;;;
201;08/04/2022;-102,52;2;LIDL;Alimentation;Épicerie;FrenchBanq;;Autre;;;;
202;11/04/2022;-10;2;Café des Voyages;Alimentation;Café/Bar/Tabac;FrenchBanq;;Autre;;;;
203;11/04/2022;-10;2;Au Tabac;Alimentation;Café/Bar/Tabac;FrenchBanq;;Autre;;;;
204;11/04/2022;-35;2;Au Coin de la F;Divers;Divers;FrenchBanq;;Autre;;;;
205;11/04/2022;-19,99;2;FreeMobile;Abonnement/factures;Portable;FrenchBanq;;Autre;;;;
206;12/04/2022;-23,5;2;Gourmet King;Alimentation;Restaurant;FrenchBanq;;Autre;;;;
207;12/04/2022;-10;2;Au Tabac;Alimentation;Café/Bar/Tabac;FrenchBanq;;Autre;;;;
208;14/04/2022;-114,87;2;LIDL;Alimentation;Épicerie;FrenchBanq;;Autre;;;;
209;14/04/2022;-10;2;Au Tabac;Alimentation;Café/Bar/Tabac;FrenchBanq;;Autre;;;;
210;19/04/2022;-10;2;Au Tabac;Alimentation;Café/Bar/Tabac;FrenchBanq;;Autre;;;;
211;19/04/2022;-10;2;Au Tabac;Alimentation;Café/Bar/Tabac;FrenchBanq;;Autre;;;;
212;19/04/2022;-50;2;Dans La Poche;Transferts;Transfert;FrenchBanq;;Autre;;;;
213;19/04/2022;-25;2;Casse de Don;Auto/moto;Entretien/réparations;FrenchBanq;;Autre;;;;
214;19/04/2022;-15;2;Au Tabac;Alimentation;Café/Bar/Tabac;FrenchBanq;;Autre;;;;
215;20/04/2022;-200;2;SCP ZEHNDER-AMOU;Divers;Responsabilité civile;FrenchBanq;;Autre;;;;
216;25/04/2022;-96,7;2;Tomate cerise;Alimentation;Restaurant;FrenchBanq;;Autre;;;;
217;25/04/2022;-82,5;2;El Ristorante;Alimentation;Restaurant;FrenchBanq;;Autre;;;;
218;25/04/2022;-15;2;Au Tabac;Alimentation;Café/Bar/Tabac;FrenchBanq;;Autre;;;;
219;25/04/2022;-8,9;2;Pharmacie Deslier;Santé;Pharmacie;FrenchBanq;;Autre;;;;
220;25/04/2022;-15,07;2;Action;Équipement du logement;Ordinateur et accessoires;FrenchBanq;;Autre;;;;
221;28/04/2022;-10;2;Au Tabac;Alimentation;Café/Bar/Tabac;FrenchBanq;;Autre;;;;
222;30/04/2022;-2,9;2;French Bank;Frais bancaires;Services / Abonnement;FrenchBanq;;Autre;;;;
223;02/05/2022;-32;2;Friterie Regis;Alimentation;Restaurant;FrenchBanq;;Autre;;;;
224;02/05/2022;-10;2;Au Tabac;Alimentation;Café/Bar/Tabac;FrenchBanq;;Autre;;;;
225;04/05/2022;-20;2;Au Tabac;Alimentation;Café/Bar/Tabac;FrenchBanq;;Autre;;;;
226;04/05/2022;-30;2;Dans La Poche;Transferts;Transfert;FrenchBanq;;Autre;;;;
227;04/05/2022;-43,87;2;L'Olivier Assurance;Auto/moto;Assurance Auto/moto;FrenchBanq;;Autre;;;;
228;05/05/2022;984,28;2;CPAM DE L'ARTOIS;Autres revenus;Pension Invalidité;FrenchBanq;;Autre;;;;
229;05/05/2022;-6,77;2;LIDL;Alimentation;Épicerie;FrenchBanq;;Autre;;;;
230;05/05/2022;-20;2;Au Tabac;Alimentation;Café/Bar/Tabac;FrenchBanq;;Autre;;;;
231;09/05/2022;-14,7;2;LIDL;Alimentation;Épicerie;FrenchBanq;;Autre;;;;
232;09/05/2022;-19,99;2;FreeMobile;Abonnement/factures;Portable;FrenchBanq;;Autre;;;;
233;09/05/2022;-10;2;Au Tabac;Alimentation;Café/Bar/Tabac;FrenchBanq;;Autre;;;;
234;10/05/2022;-23,8;2;LIDL;Alimentation;Épicerie;FrenchBanq;;Autre;;;;
235;11/05/2022;-10;2;Au Tabac;Alimentation;Café/Bar/Tabac;FrenchBanq;;Autre;;;;
236;11/05/2022;-61,14;2;LIDL;Alimentation;Épicerie;FrenchBanq;;Autre;;;;
237;12/05/2022;-36;2;Le Kioque a Pizza;Alimentation;Restaurant;FrenchBanq;;Autre;;;;
238;12/05/2022;-31,98;2;Amazon;Équipement du logement;Équipement du logement;FrenchBanq;;Autre;;;;
239;12/05/2022;-62,89;2;CroquetteLand;Animaux domestiques;Alimentation;FrenchBanq;;Autre;;;;
240;13/05/2022;-10;2;Au Tabac;Alimentation;Café/Bar/Tabac;FrenchBanq;;Autre;;;;
241;16/05/2022;-13;2;Au Tabac;Alimentation;Café/Bar/Tabac;FrenchBanq;;Autre;;;;
242;16/05/2022;-259,25;2;Leclerc;Alimentation;Épicerie;FrenchBanq;;Autre;;;;
243;16/05/2022;-10;2;Au Tabac;Alimentation;Café/Bar/Tabac;FrenchBanq;;Autre;;;;
244;16/05/2022;-30,2;2;Intermarche;Auto/moto;Carburant;FrenchBanq;;Autre;;;;
245;18/05/2022;-10;2;Au Tabac;Alimentation;Café/Bar/Tabac;FrenchBanq;;Autre;;;;
246;19/05/2022;-10;2;Amazon;Équipement du logement;Équipement du logement;FrenchBanq;;Autre;;;;
247;20/05/2022;-200;2;SCP ZEHNDER-AMOU;Divers;Responsabilité civile;FrenchBanq;;Autre;;;;
248;23/05/2022;-10;2;La Civette;Alimentation;Café/Bar/Tabac;FrenchBanq;;Autre;;;;
249;23/05/2022;-10;2;Au Tabac;Alimentation;Café/Bar/Tabac;FrenchBanq;;Autre;;;;
250;23/05/2022;-10;2;Au Tabac;Alimentation;Café/Bar/Tabac;FrenchBanq;;Autre;;;;
251;25/05/2022;-10;2;Au Tabac;Alimentation;Café/Bar/Tabac;FrenchBanq;;Autre;;;;
252;27/05/2022;-38,48;2;LIDL;Alimentation;Épicerie;FrenchBanq;;Autre;;;;
253;30/05/2022;-10;2;Au Tabac;Alimentation;Café/Bar/Tabac;FrenchBanq;;Autre;;;;
254;30/05/2022;-0,5;2;Ma Tirelire;Transferts;Transfert;FrenchBanq;;Autre;;;;
255;31/05/2022;-2,9;2;French Bank;Frais bancaires;Services / Abonnement;FrenchBanq;;Autre;;;;
256;31/05/2022;-12,84;2;LIDL;Alimentation;Épicerie;FrenchBanq;;Autre;;;;
257;31/05/2022;-0,64;2;Ma Tirelire;Transferts;Transfert;FrenchBanq;;Autre;;;;
258;31/05/2022;-0,53;2;Ma Tirelire;Transferts;Transfert;FrenchBanq;;Autre;;;;
259;31/05/2022;-10,5;2;Au Tabac;Alimentation;Café/Bar/Tabac;FrenchBanq;;Autre;;;;
260;31/05/2022;-24,11;2;LIDL;Alimentation;Épicerie;FrenchBanq;;Autre;;;;
261;01/06/2022;200;2;Ma Tirelire;Transferts;Transfert;FrenchBanq;;Autre;;;;
262;01/06/2022;-1,21;2;Ma Tirelire;Transferts;Transfert;FrenchBanq;;Autre;;;;
263;01/06/2022;-44,67;2;LIDL;Alimentation;Épicerie;FrenchBanq;;Autre;;;;
264;01/06/2022;-10;2;Au Tabac;Alimentation;Café/Bar/Tabac;FrenchBanq;;Autre;;;;
265;02/06/2022;-2,23;2;Ma Tirelire;Transferts;Transfert;FrenchBanq;;Autre;;;;
266;02/06/2022;-0,5;2;Ma Tirelire;Transferts;Transfert;FrenchBanq;;Autre;;;;
267;02/06/2022;-13,65;2;Intermarche;Alimentation;Épicerie;FrenchBanq;;Autre;;;;
268;02/06/2022;-10;2;La Civette;Alimentation;Café/Bar/Tabac;FrenchBanq;;Autre;;;;
269;02/06/2022;-0,5;2;Ma Tirelire;Transferts;Transfert;FrenchBanq;;Autre;;;;
270;02/06/2022;-2,28;2;Ma Tirelire;Transferts;Transfert;FrenchBanq;;Autre;;;;
271;03/06/2022;-18,04;2;LIDL;Alimentation;Épicerie;FrenchBanq;;Autre;;;;
272;04/06/2022;-10;2;Au Tabac;Alimentation;Café/Bar/Tabac;FrenchBanq;;Autre;;;;
273;06/06/2022;-10;2;Au Tabac;Alimentation;Café/Bar/Tabac;FrenchBanq;;Autre;;;;
274;06/06/2022;-33,5;2;Bauvin Snack;Alimentation;Restaurant;FrenchBanq;;Autre;;;;
275;07/06/2022;-0,5;2;Ma Tirelire;Transferts;Transfert;FrenchBanq;;Autre;;;;
276;07/06/2022;-0,5;2;Ma Tirelire;Transferts;Transfert;FrenchBanq;;Autre;;;;
277;07/06/2022;-44,66;2;LIDL;Alimentation;Épicerie;FrenchBanq;;Autre;;;;
278;07/06/2022;-1,68;2;Ma Tirelire;Transferts;Transfert;FrenchBanq;;Autre;;;;
279;07/06/2022;-0,5;2;Ma Tirelire;Transferts;Transfert;FrenchBanq;;Autre;;;;
280;07/06/2022;-0,9;2;Ma Tirelire;Transferts;Transfert;FrenchBanq;;Autre;;;;
281;07/06/2022;-0,68;2;Ma Tirelire;Transferts;Transfert;FrenchBanq;;Autre;;;;
282;07/06/2022;-0,5;2;Ma Tirelire;Transferts;Transfert;FrenchBanq;;Autre;;;;
283;07/06/2022;-200;2;Ma Tirelire;Transferts;Transfert;FrenchBanq;;Autre;;;;
284;07/06/2022;1011,82;2;CPAM DE L'ARTOIS;Autres revenus;Pension Invalidité;FrenchBanq;;Autre;;;;
285;08/06/2022;-10;2;Au Tabac;Alimentation;Café/Bar/Tabac;FrenchBanq;;Autre;;;;
286;08/06/2022;-43,87;2;L'Olivier Assurance;Auto/moto;Assurance Auto/moto;FrenchBanq;;Autre;;;;
287;09/06/2022;-19,99;2;FreeMobile;Abonnement/factures;Portable;FrenchBanq;;Autre;;;;
288;09/06/2022;-0,5;2;Ma Tirelire;Transferts;Transfert;FrenchBanq;;Autre;;;;
289;10/06/2022;-19;2;Amazon;Équipement du logement;Équipement du logement;FrenchBanq;;Autre;;;;
290;10/06/2022;-7;2;Amazon;Équipement du logement;Équipement du logement;FrenchBanq;;Autre;;;;
291;10/06/2022;-10;2;Au Tabac;Alimentation;Café/Bar/Tabac;FrenchBanq;;Autre;;;;
292;10/06/2022;-50;2;Dans La Poche;Transferts;Transfert;FrenchBanq;;Autre;;;;
293;13/06/2022;-63,3;2;LIDL;Alimentation;Épicerie;FrenchBanq;;Autre;;;;
294;13/06/2022;-2,5;2;Ma Tirelire;Transferts;Transfert;FrenchBanq;;Autre;;;;
295;13/06/2022;-0,35;2;Ma Tirelire;Transferts;Transfert;FrenchBanq;;Autre;;;;
296;13/06/2022;-0,5;2;Ma Tirelire;Transferts;Transfert;FrenchBanq;;Autre;;;;
297;13/06/2022;-0,5;2;Ma Tirelire;Transferts;Transfert;FrenchBanq;;Autre;;;;
298;14/06/2022;-49;2;Amazon;Abonnement/factures;TV/câble;FrenchBanq;;Autre;;;;
299;14/06/2022;-18,96;2;Amazon;Équipement du logement;Équipement du logement;FrenchBanq;;Autre;;;;
300;14/06/2022;-10;2;Au Tabac;Alimentation;Café/Bar/Tabac;FrenchBanq;;Autre;;;;
301;14/06/2022;-210,65;2;Leclerc;Alimentation;Épicerie;FrenchBanq;;Autre;;;;
302;14/06/2022;-19,9;2;Carter Cash;Auto/moto;Accessoires;FrenchBanq;;Autre;;;;
303;14/06/2022;-0,95;2;Ma Tirelire;Transferts;Transfert;FrenchBanq;;Autre;;;;
304;14/06/2022;-3,17;2;Ma Tirelire;Transferts;Transfert;FrenchBanq;;Autre;;;;
305;15/06/2022;-0,95;2;Ma Tirelire;Transferts;Transfert;FrenchBanq;;Autre;;;;
306;15/06/2022;5794,59;2;ProBtp;Autres revenus;Complémentaire Santé;FrenchBanq;;Autre;;;;
307;15/06/2022;-2,45;2;Ma Tirelire;Transferts;Transfert;FrenchBanq;;Autre;;;;
308;15/06/2022;-0,5;2;Ma Tirelire;Transferts;Transfert;FrenchBanq;;Autre;;;;
309;15/06/2022;-10,53;2;Ma Tirelire;Transferts;Transfert;FrenchBanq;;Autre;;;;
310;15/06/2022;-1;2;Ma Tirelire;Transferts;Transfert;FrenchBanq;;Autre;;;;
311;16/06/2022;-21,24;2;Amazon;Divers;Cadeaux;FrenchBanq;;Autre;;;;
312;16/06/2022;-10;2;Au Tabac;Alimentation;Café/Bar/Tabac;FrenchBanq;;Autre;;;;
313;17/06/2022;-51,48;2;Leclerc;Auto/moto;Carburant;FrenchBanq;;Autre;;;;
314;17/06/2022;-0,5;2;Ma Tirelire;Transferts;Transfert;FrenchBanq;;Autre;;;;
315;17/06/2022;180;2;Ma Tirelire;Transferts;Transfert;FrenchBanq;;Autre;;;;
316;17/06/2022;-5700;2;Ma Tirelire;Transferts;Transfert;FrenchBanq;;Autre;;;;
317;18/06/2022;-10;2;Au Tabac;Alimentation;Café/Bar/Tabac;FrenchBanq;;Autre;;;;
318;19/06/2022;-10;2;Au Tabac;Alimentation;Café/Bar/Tabac;FrenchBanq;;Autre;;;;
319;20/06/2022;-8,88;2;Ma Tirelire;Transferts;Transfert;FrenchBanq;;Autre;;;;
320;20/06/2022;-1,78;2;Ma Tirelire;Transferts;Transfert;FrenchBanq;;Autre;;;;
321;20/06/2022;-1,06;2;Ma Tirelire;Transferts;Transfert;FrenchBanq;;Autre;;;;
322;20/06/2022;-0,5;2;Ma Tirelire;Transferts;Transfert;FrenchBanq;;Autre;;;;
323;20/06/2022;-0,5;2;Ma Tirelire;Transferts;Transfert;FrenchBanq;;Autre;;;;
324;20/06/2022;-2,57;2;Ma Tirelire;Transferts;Transfert;FrenchBanq;;Autre;;;;
325;22/06/2022;-35,54;2;LIDL;Alimentation;Épicerie;FrenchBanq;;Autre;;;;
326;23/06/2022;-200;2;SCP ZEHNDER-AMOU;Divers;Responsabilité civile;FrenchBanq;;Autre;;;;
327;23/06/2022;-0,9;2;French Bank;Frais bancaires;Frais divers;FrenchBanq;;Autre;;;;
328;23/06/2022;-50;2;Dans La Poche;Transferts;Transfert;FrenchBanq;;Autre;;;;
329;23/06/2022;100;2;Ma Tirelire;Transferts;Transfert;FrenchBanq;;Autre;;;;
330;24/06/2022;-24,7;2;Le Kioque a Pizza;Alimentation;Restaurant;FrenchBanq;;Autre;;;;
331;24/06/2022;-2,5;2;Ma Tirelire;Transferts;Transfert;FrenchBanq;;Autre;;;;
332;25/06/2022;-10;2;Au Tabac;Alimentation;Café/Bar/Tabac;FrenchBanq;;Autre;;;;
333;27/06/2022;-10;2;Au Tabac;Alimentation;Café/Bar/Tabac;FrenchBanq;;Autre;;;;
334;27/06/2022;-38,47;2;LIDL;Alimentation;Épicerie;FrenchBanq;;Autre;;;;
335;27/06/2022;-0,5;2;Ma Tirelire;Transferts;Transfert;FrenchBanq;;Autre;;;;
336;27/06/2022;-1,24;2;Ma Tirelire;Transferts;Transfert;FrenchBanq;;Autre;;;;
337;27/06/2022;80;2;Ma Tirelire;Transferts;Transfert;FrenchBanq;;Autre;;;;
338;28/06/2022;-29,63;2;LIDL;Alimentation;Épicerie;FrenchBanq;;Autre;;;;
339;28/06/2022;-0,5;2;Ma Tirelire;Transferts;Transfert;FrenchBanq;;Autre;;;;
340;28/06/2022;-1,92;2;Ma Tirelire;Transferts;Transfert;FrenchBanq;;Autre;;;;
341;29/06/2022;-10;2;Au Tabac;Alimentation;Café/Bar/Tabac;FrenchBanq;;Autre;;;;
342;29/06/2022;-24,47;2;LIDL;Alimentation;Épicerie;FrenchBanq;;Autre;;;;
343;29/06/2022;-1,48;2;Ma Tirelire;Transferts;Transfert;FrenchBanq;;Autre;;;;
344;30/06/2022;-2,9;2;French Bank;Frais bancaires;Services / Abonnement;FrenchBanq;;Autre;;;;
345;30/06/2022;-27,51;2;LIDL;Alimentation;Épicerie;FrenchBanq;;Autre;;;;
346;30/06/2022;-0,5;2;Ma Tirelire;Transferts;Transfert;FrenchBanq;;Autre;;;;
347;30/06/2022;-1,22;2;Ma Tirelire;Transferts;Transfert;FrenchBanq;;Autre;;;;
348;30/06/2022;100;2;Ma Tirelire;Transferts;Transfert;FrenchBanq;;Autre;;;;
349;01/07/2022;-10;2;Au Tabac;Alimentation;Café/Bar/Tabac;FrenchBanq;;Autre;;;;
350;01/07/2022;-20,99;2;Stokomani;Divers;Cadeaux;FrenchBanq;;Autre;;;;
351;01/07/2022;100;2;Ma Tirelire;Transferts;Transfert;FrenchBanq;;Autre;;;;
352;01/07/2022;-35,9;2;PIZZA MAXIME;Alimentation;Restaurant;FrenchBanq;;Autre;;;;
353;01/07/2022;1009,18;2;ProBtp;Autres revenus;Complémentaire Santé;FrenchBanq;;Autre;;;;
354;01/07/2022;-1,38;2;Ma Tirelire;Transferts;Transfert;FrenchBanq;;Autre;;;;
355;03/07/2022;-10;2;Au Tabac;Alimentation;Café/Bar/Tabac;FrenchBanq;;Autre;;;;
356;04/07/2022;-32,22;2;LIDL;Alimentation;Épicerie;FrenchBanq;;Autre;;;;
357;04/07/2022;-0,5;2;Ma Tirelire;Transferts;Transfert;FrenchBanq;;Autre;;;;
358;04/07/2022;-0,5;2;Ma Tirelire;Transferts;Transfert;FrenchBanq;;Autre;;;;
359;04/07/2022;-1,8;2;Ma Tirelire;Transferts;Transfert;FrenchBanq;;Autre;;;;
360;04/07/2022;-1,05;2;Ma Tirelire;Transferts;Transfert;FrenchBanq;;Autre;;;;
361;05/07/2022;-10;2;Au Tabac;Alimentation;Café/Bar/Tabac;FrenchBanq;;Autre;;;;
362;05/07/2022;-43,87;2;L'Olivier Assurance;Auto/moto;Assurance Auto/moto;FrenchBanq;;Autre;;;;
363;06/07/2022;-74;2;CroquetteLand;Animaux domestiques;Alimentation;FrenchBanq;;Autre;;;;
363;06/07/2022;-20,88;2;CroquetteLand;Animaux domestiques;Fournitures diverses;FrenchBanq;;Autre;;;;
364;06/07/2022;-1,61;2;Ma Tirelire;Transferts;Transfert;FrenchBanq;;Autre;;;;
365;07/07/2022;1001,55;2;CPAM DE L'ARTOIS;Autres revenus;Pension Invalidité;FrenchBanq;;Autre;;;;
366;07/07/2022;-10;2;Au Tabac;Alimentation;Café/Bar/Tabac;FrenchBanq;;Autre;;;;
367;07/07/2022;-0,5;2;Ma Tirelire;Transferts;Transfert;FrenchBanq;;Autre;;;;
368;08/07/2022;-1000;2;Ma Tirelire;Transferts;Transfert;FrenchBanq;;Autre;;;;
369;08/07/2022;-33,09;2;LIDL;Alimentation;Épicerie;FrenchBanq;;Autre;;;;
370;08/07/2022;-1,65;2;Ma Tirelire;Transferts;Transfert;FrenchBanq;;Autre;;;;
371;08/07/2022;-10;2;Au Tabac;Alimentation;Café/Bar/Tabac;FrenchBanq;;Autre;;;;
372;08/07/2022;-0,5;2;Ma Tirelire;Transferts;Transfert;FrenchBanq;;Autre;;;;
373;08/07/2022;-4,74;2;Ma Tirelire;Transferts;Transfert;FrenchBanq;;Autre;;;;
374;09/07/2022;-50,01;2;Dans La Poche;Transferts;Transfert;FrenchBanq;;Autre;;;;
375;09/07/2022;-19,99;2;FreeMobile;Abonnement/factures;Portable;FrenchBanq;;Autre;;;;
376;11/07/2022;-255,01;2;Leclerc;Alimentation;Épicerie;FrenchBanq;;Autre;;;;
377;11/07/2022;-2,5;2;Ma Tirelire;Transferts;Transfert;FrenchBanq;;Autre;;;;
378;11/07/2022;-10;2;Au Tabac;Alimentation;Café/Bar/Tabac;FrenchBanq;;Autre;;;;
379;11/07/2022;-0,5;2;Ma Tirelire;Transferts;Transfert;FrenchBanq;;Autre;;;;
380;12/07/2022;-10;2;Au Tabac;Alimentation;Café/Bar/Tabac;FrenchBanq;;Autre;;;;
381;12/07/2022;-0,5;2;Ma Tirelire;Transferts;Transfert;FrenchBanq;;Autre;;;;
382;13/07/2022;-12,75;2;Ma Tirelire;Transferts;Transfert;FrenchBanq;;Autre;;;;
383;14/07/2022;-10;2;Au Tabac;Alimentation;Café/Bar/Tabac;FrenchBanq;;Autre;;;;
384;14/07/2022;-0,5;2;Ma Tirelire;Transferts;Transfert;FrenchBanq;;Autre;;;;
385;16/07/2022;-10;2;Au Tabac;Alimentation;Café/Bar/Tabac;FrenchBanq;;Autre;;;;
386;16/07/2022;-0,5;2;Ma Tirelire;Transferts;Transfert;FrenchBanq;;Autre;;;;
387;16/07/2022;-12,59;2;Amazon;Habillement;Accessoires;FrenchBanq;;Autre;;;;
388;18/07/2022;-46,29;2;Intermarche;Alimentation;Épicerie;FrenchBanq;;Autre;;;;
389;18/07/2022;-10;2;Au Tabac;Alimentation;Café/Bar/Tabac;FrenchBanq;;Autre;;;;
390;18/07/2022;-0,63;2;Ma Tirelire;Transferts;Transfert;FrenchBanq;;Autre;;;;
391;19/07/2022;-0,5;2;Ma Tirelire;Transferts;Transfert;FrenchBanq;;Autre;;;;
392;19/07/2022;-0,5;2;Ma Tirelire;Transferts;Transfert;FrenchBanq;;Autre;;;;
393;20/07/2022;-200;2;SCP ZEHNDER-AMOU;Divers;Responsabilité civile;FrenchBanq;;Autre;;;;
394;20/07/2022;-10;2;Au Tabac;Alimentation;Café/Bar/Tabac;FrenchBanq;;Autre;;;;
395;20/07/2022;-2,31;2;Ma Tirelire;Transferts;Transfert;FrenchBanq;;Autre;;;;
396;21/07/2022;-10;2;Au Tabac;Alimentation;Café/Bar/Tabac;FrenchBanq;;Autre;;;;
397;22/07/2022;-10;2;Au Tabac;Alimentation;Café/Bar/Tabac;FrenchBanq;;Autre;;;;
398;22/07/2022;-0,5;2;Ma Tirelire;Transferts;Transfert;FrenchBanq;;Autre;;;;
399;22/07/2022;-74,46;2;LIDL;Alimentation;Épicerie;FrenchBanq;;Autre;;;;
399;22/07/2022;-30;2;LIDL;Soins de la personne;Soins de la personne;FrenchBanq;;Autre;;;;achat tondeuse barbe
400;22/07/2022;-5,22;2;Ma Tirelire;Transferts;Transfert;FrenchBanq;;Autre;;;;
401;24/07/2022;-10;2;Au Tabac;Alimentation;Café/Bar/Tabac;FrenchBanq;;Autre;;;;
402;24/07/2022;-0,5;2;Ma Tirelire;Transferts;Transfert;FrenchBanq;;Autre;;;;
403;28/07/2022;200;2;Ma Tirelire;Transferts;Transfert;FrenchBanq;;Autre;;;;
404;28/07/2022;-50;2;Dans La Poche;Transferts;Transfert;FrenchBanq;;Autre;;;;
405;28/07/2022;-2,18;2;Pharmacie Deslier;Santé;Pharmacie;FrenchBanq;;Autre;;;;
406;28/07/2022;-30,03;2;Intermarche;Auto/moto;Carburant;FrenchBanq;;Autre;;;;
407;28/07/2022;-15;2;Au Tabac;Alimentation;Café/Bar/Tabac;FrenchBanq;;Autre;;;;
408;28/07/2022;-0,9;2;French Bank;Frais bancaires;Frais divers;FrenchBanq;;Autre;;;;
409;29/07/2022;-10;2;Au Tabac;Alimentation;Café/Bar/Tabac;FrenchBanq;;Autre;;;;
410;29/07/2022;-2,5;2;Ma Tirelire;Transferts;Transfert;FrenchBanq;;Autre;;;;
411;29/07/2022;-1,5;2;Ma Tirelire;Transferts;Transfert;FrenchBanq;;Autre;;;;
412;29/07/2022;-0,75;2;Ma Tirelire;Transferts;Transfert;FrenchBanq;;Autre;;;;
413;29/07/2022;-0,11;2;Ma Tirelire;Transferts;Transfert;FrenchBanq;;Autre;;;;
414;31/07/2022;-2,9;2;French Bank;Frais bancaires;Services / Abonnement;FrenchBanq;;Autre;;;;
415;31/07/2022;-10;2;Au Tabac;Alimentation;Café/Bar/Tabac;FrenchBanq;;Autre;;;;
416;31/07/2022;-0,5;2;Ma Tirelire;Transferts;Transfert;FrenchBanq;;Autre;;;;
417;01/08/2022;1025,32;2;ProBtp;Autres revenus;Complémentaire Santé;FrenchBanq;;Autre;;;;
418;02/08/2022;-10;2;Au Tabac;Alimentation;Café/Bar/Tabac;FrenchBanq;;Autre;;;;
419;02/08/2022;-31,55;2;LIDL;Alimentation;Épicerie;FrenchBanq;;Autre;;;;
420;02/08/2022;-0,5;2;Ma Tirelire;Transferts;Transfert;FrenchBanq;;Autre;;;;
421;03/08/2022;-7;2;Mc Donald;Alimentation;Restaurant;FrenchBanq;;Autre;;;;
422;03/08/2022;-21;2;O'Mac2;Alimentation;Restaurant;FrenchBanq;;Autre;;;;
423;03/08/2022;-1,58;2;Ma Tirelire;Transferts;Transfert;FrenchBanq;;Autre;;;;
424;04/08/2022;-4;2;Amazon;Auto/moto;Accessoires;FrenchBanq;;Autre;;;;
424;04/08/2022;-38,75;2;Amazon;Auto/moto;Entretien/réparations;FrenchBanq;;Autre;;;;
425;04/08/2022;-10;2;La Civette;Alimentation;Café/Bar/Tabac;FrenchBanq;;Autre;;;;
426;04/08/2022;991,05;2;CPAM DE L'ARTOIS;Autres revenus;Pension Invalidité;FrenchBanq;;Autre;;;;
427;04/08/2022;-43,87;2;L'Olivier Assurance;Auto/moto;Assurance Auto/moto;FrenchBanq;;Autre;;;;
428;04/08/2022;-1,05;2;Ma Tirelire;Transferts;Transfert;FrenchBanq;;Autre;;;;
429;04/08/2022;-0,5;2;Ma Tirelire;Transferts;Transfert;FrenchBanq;;Autre;;;;
430;05/08/2022;-1000;2;Ma Tirelire;Transferts;Transfert;FrenchBanq;;Autre;;;;
431;05/08/2022;-0,35;2;Ma Tirelire;Transferts;Transfert;FrenchBanq;;Autre;;;;
432;06/08/2022;-10;2;Au Tabac;Alimentation;Café/Bar/Tabac;FrenchBanq;;Autre;;;;
433;06/08/2022;-0,5;2;Ma Tirelire;Transferts;Transfert;FrenchBanq;;Autre;;;;
434;08/08/2022;-10;2;Au Tabac;Alimentation;Café/Bar/Tabac;FrenchBanq;;Autre;;;;
435;08/08/2022;-0,5;2;Ma Tirelire;Transferts;Transfert;FrenchBanq;;Autre;;;;
436;08/08/2022;-100;2;Dans La Poche;Transferts;Transfert;FrenchBanq;;Autre;;;;
437;08/08/2022;-20;2;Dans La Poche;Transferts;Transfert;FrenchBanq;;Autre;;;;
438;08/08/2022;-0,9;2;French Bank;Frais bancaires;Services / Abonnement;FrenchBanq;;Autre;;;;
439;08/08/2022;-2,14;2;Ma Tirelire;Transferts;Transfert;FrenchBanq;;Autre;;;;
440;09/08/2022;-0,9;2;French Bank;Frais bancaires;Services / Abonnement;FrenchBanq;;Autre;;;;
441;09/08/2022;-5;2;Ma Tirelire;Transferts;Transfert;FrenchBanq;;Autre;;;;
442;09/08/2022;-0,5;2;Ma Tirelire;Transferts;Transfert;FrenchBanq;;Autre;;;;
443;09/08/2022;-0,5;2;Ma Tirelire;Transferts;Transfert;FrenchBanq;;Autre;;;;
444;09/08/2022;-1;2;Ma Tirelire;Transferts;Transfert;FrenchBanq;;Autre;;;;
445;10/08/2022;-10;2;Au Tabac;Alimentation;Café/Bar/Tabac;FrenchBanq;;Autre;;;;
446;10/08/2022;-0,5;2;Ma Tirelire;Transferts;Transfert;FrenchBanq;;Autre;;;;
447;10/08/2022;-99,32;2;Leclerc;Alimentation;Épicerie;FrenchBanq;;Autre;;;;
448;10/08/2022;-4,97;2;Ma Tirelire;Transferts;Transfert;FrenchBanq;;Autre;;;;
449;10/08/2022;-19,99;2;FreeMobile;Abonnement/factures;Portable;FrenchBanq;;Autre;;;;
450;10/08/2022;-30,09;2;Leclerc;Auto/moto;Carburant;FrenchBanq;;Autre;;;;
451;11/08/2022;-10;2;La Civette;Alimentation;Café/Bar/Tabac;FrenchBanq;;Autre;;;;
452;11/08/2022;-42,34;2;LIDL;Alimentation;Épicerie;FrenchBanq;;Autre;;;;
453;11/08/2022;-1,5;2;Ma Tirelire;Transferts;Transfert;FrenchBanq;;Autre;;;;
454;12/08/2022;-2,12;2;Ma Tirelire;Transferts;Transfert;FrenchBanq;;Autre;;;;
455;13/08/2022;-10;2;Au Tabac;Alimentation;Café/Bar/Tabac;FrenchBanq;;Autre;;;;
456;13/08/2022;-0,5;2;Ma Tirelire;Transferts;Transfert;FrenchBanq;;Autre;;;;
457;15/08/2022;-10;2;Au Tabac;Alimentation;Café/Bar/Tabac;FrenchBanq;;Autre;;;;
458;15/08/2022;-0,5;2;Ma Tirelire;Transferts;Transfert;FrenchBanq;;Autre;;;;
459;16/08/2022;-50;2;Dans La Poche;Transferts;Transfert;FrenchBanq;;Autre;;;;
460;16/08/2022;-0,5;2;Ma Tirelire;Transferts;Transfert;FrenchBanq;;Autre;;;;
461;17/08/2022;-10;2;Au Tabac;Alimentation;Café/Bar/Tabac;FrenchBanq;;Autre;;;;
462;18/08/2022;-22;2;Pari Mutuelle;Alimentation;Café/Bar/Tabac;FrenchBanq;;Autre;;;;
463;18/08/2022;-14,4;2;Mc Donald;Alimentation;Restaurant;FrenchBanq;;Autre;;;;
464;18/08/2022;-2,5;2;Ma Tirelire;Transferts;Transfert;FrenchBanq;;Autre;;;;
465;19/08/2022;-200;2;SCP ZEHNDER-AMOU;Divers;Responsabilité civile;FrenchBanq;;Autre;;;;
466;19/08/2022;-13,39;2;LIDL;Alimentation;Épicerie;FrenchBanq;;Autre;;;;
467;19/08/2022;-0,5;2;Ma Tirelire;Transferts;Transfert;FrenchBanq;;Autre;;;;
468;19/08/2022;-0,9;2;French Bank;Frais bancaires;Services / Abonnement;FrenchBanq;;Autre;;;;
469;19/08/2022;-0,84;2;Ma Tirelire;Transferts;Transfert;FrenchBanq;;Autre;;;;
470;19/08/2022;-0,72;2;Ma Tirelire;Transferts;Transfert;FrenchBanq;;Autre;;;;
471;20/08/2022;-10;2;Au Tabac;Alimentation;Café/Bar/Tabac;FrenchBanq;;Autre;;;;
472;21/08/2022;-16,7;2;Burger King;Alimentation;Restaurant;FrenchBanq;;Autre;;;;
473;22/08/2022;-1,1;2;Ma Tirelire;Transferts;Transfert;FrenchBanq;;Autre;;;;
474;22/08/2022;-211,28;2;Leclerc;Alimentation;Épicerie;FrenchBanq;;Autre;;;;
475;22/08/2022;-10;2;Au Tabac;Alimentation;Café/Bar/Tabac;FrenchBanq;;Autre;;;;
476;22/08/2022;-0,67;2;Ma Tirelire;Transferts;Transfert;FrenchBanq;;Autre;;;;
477;22/08/2022;-0,5;2;Ma Tirelire;Transferts;Transfert;FrenchBanq;;Autre;;;;
478;22/08/2022;-10,56;2;Ma Tirelire;Transferts;Transfert;FrenchBanq;;Autre;;;;
479;22/08/2022;-0,5;2;Ma Tirelire;Transferts;Transfert;FrenchBanq;;Autre;;;;
480;22/08/2022;-30;2;carefour;Auto/moto;Carburant;FrenchBanq;;Autre;;;;
481;23/08/2022;200;2;Ma Tirelire;Transferts;Transfert;FrenchBanq;;Autre;;;;
482;24/08/2022;-1,5;2;Ma Tirelire;Transferts;Transfert;FrenchBanq;;Autre;;;;
483;24/08/2022;-0,5;2;Ma Tirelire;Transferts;Transfert;FrenchBanq;;Autre;;;;
484;25/08/2022;-10;2;La Civette;Alimentation;Café/Bar/Tabac;FrenchBanq;;Autre;;;;
485;27/08/2022;-10;2;Au Tabac;Alimentation;Café/Bar/Tabac;FrenchBanq;;Autre;;;;
486;29/08/2022;-10;2;Au Tabac;Alimentation;Café/Bar/Tabac;FrenchBanq;;Autre;;;;
487;29/08/2022;-0,46;2;Ma Tirelire;Transferts;Transfert;FrenchBanq;;Autre;;;;
488;30/08/2022;-10;2;Au Tabac;Alimentation;Café/Bar/Tabac;FrenchBanq;;Autre;;;;
489;30/08/2022;-9,22;2;LIDL;Alimentation;Épicerie;FrenchBanq;;Autre;;;;
490;31/08/2022;-31,83;2;Intermarche;Auto/moto;Carburant;FrenchBanq;;Autre;;;;
491;31/08/2022;-0,5;2;Ma Tirelire;Transferts;Transfert;FrenchBanq;;Autre;;;;
492;31/08/2022;-0,5;2;Ma Tirelire;Transferts;Transfert;FrenchBanq;;Autre;;;;
493;31/08/2022;-2,9;2;French Bank;Frais bancaires;Services / Abonnement;FrenchBanq;;Autre;;;;
494;31/08/2022;-10;2;Au Tabac;Alimentation;Café/Bar/Tabac;FrenchBanq;;Autre;;;;
495;31/08/2022;-0,5;2;Ma Tirelire;Transferts;Transfert;FrenchBanq;;Autre;;;;
496;31/08/2022;-0,5;2;Ma Tirelire;Transferts;Transfert;FrenchBanq;;Autre;;;;
497;01/09/2022;1025,32;2;ProBtp;Autres revenus;Complémentaire Santé;FrenchBanq;;Autre;;;;
498;01/09/2022;-10;2;Au Tabac;Alimentation;Café/Bar/Tabac;FrenchBanq;;Autre;;;;
499;02/09/2022;-10;2;Au Tabac;Alimentation;Café/Bar/Tabac;FrenchBanq;;Autre;;;;
500;02/09/2022;-39,5;2;Tigo;Alimentation;Restaurant;FrenchBanq;;Autre;;;;
501;02/09/2022;-70;2;Dans La Poche;Transferts;Transfert;FrenchBanq;;Autre;;;;
502;02/09/2022;-1,59;2;Ma Tirelire;Transferts;Transfert;FrenchBanq;;Autre;;;;
503;02/09/2022;-0,5;2;Ma Tirelire;Transferts;Transfert;FrenchBanq;;Autre;;;;
504;02/09/2022;-0,5;2;Ma Tirelire;Transferts;Transfert;FrenchBanq;;Autre;;;;
505;03/09/2022;-19,2;2;Atelier du Gourmet;Alimentation;Restaurant;FrenchBanq;;Autre;;;;
506;04/09/2022;-61,69;2;Leclerc;Alimentation;Épicerie;FrenchBanq;;Autre;;;;
506;04/09/2022;-22;2;Leclerc;Auto/moto;Entretien/réparations;FrenchBanq;;Autre;;;;
507;04/09/2022;-10;2;Au Tabac;Alimentation;Café/Bar/Tabac;FrenchBanq;;Autre;;;;
508;04/09/2022;-13,99;2;Amazon;Équipement du logement;Ordinateur et accessoires;FrenchBanq;;Autre;;;;
509;05/09/2022;-43,87;2;L'Olivier Assurance;Auto/moto;Assurance Auto/moto;FrenchBanq;;Autre;;;;
510;05/09/2022;-0,5;2;Ma Tirelire;Transferts;Transfert;FrenchBanq;;Autre;;;;
511;05/09/2022;-4,18;2;Ma Tirelire;Transferts;Transfert;FrenchBanq;;Autre;;;;
512;05/09/2022;-0,5;2;Ma Tirelire;Transferts;Transfert;FrenchBanq;;Autre;;;;
513;05/09/2022;-1,98;2;Ma Tirelire;Transferts;Transfert;FrenchBanq;;Autre;;;;
514;05/09/2022;-3,5;2;Ma Tirelire;Transferts;Transfert;FrenchBanq;;Autre;;;;
515;05/09/2022;-50;2;sandra;Équipement du logement;Électroménager;FrenchBanq;;Autre;;;;
516;05/09/2022;-0,9;2;French Bank;Frais bancaires;Frais divers;FrenchBanq;;Autre;;;;
517;06/09/2022;-10;2;Au Tabac;Alimentation;Café/Bar/Tabac;FrenchBanq;;Autre;;;;
518;06/09/2022;1084,46;2;CPAM DE L'ARTOIS;Autres revenus;Pension Invalidité;FrenchBanq;;Autre;;;;
519;06/09/2022;-0,96;2;Ma Tirelire;Transferts;Transfert;FrenchBanq;;Autre;;;;
520;06/09/2022;-0,7;2;Ma Tirelire;Transferts;Transfert;FrenchBanq;;Autre;;;;
521;07/09/2022;-10;2;Au Tabac;Alimentation;Café/Bar/Tabac;FrenchBanq;;Autre;;;;
522;07/09/2022;-0,5;2;Ma Tirelire;Transferts;Transfert;FrenchBanq;;Autre;;;;
523;07/09/2022;-19,99;2;FreeMobile;Abonnement/factures;Portable;FrenchBanq;;Autre;;;;
524;08/09/2022;-0,5;2;Ma Tirelire;Transferts;Transfert;FrenchBanq;;Autre;;;;
525;09/09/2022;-39,44;2;LIDL;Alimentation;Épicerie;FrenchBanq;;Autre;;;;
526;09/09/2022;-10;2;Au Tabac;Alimentation;Café/Bar/Tabac;FrenchBanq;;Autre;;;;
527;10/09/2022;-10;2;Au Tabac;Alimentation;Café/Bar/Tabac;FrenchBanq;;Autre;;;;
528;10/09/2022;-326;2;Wilfert sas;Équipement du logement;Ameublement;FrenchBanq;;Autre;;;;
529;11/09/2022;-29,5;2;O'Mac2;Alimentation;Restaurant;FrenchBanq;;Autre;;;;
530;12/09/2022;-10;2;Au Tabac;Alimentation;Café/Bar/Tabac;FrenchBanq;;Autre;;;;
531;12/09/2022;-6,2;2;LIDL;Alimentation;Épicerie;FrenchBanq;;Autre;;;;
532;13/09/2022;-1,97;2;Ma Tirelire;Transferts;Transfert;FrenchBanq;;Autre;;;;
533;13/09/2022;-0,5;2;Ma Tirelire;Transferts;Transfert;FrenchBanq;;Autre;;;;
534;13/09/2022;-1,48;2;Ma Tirelire;Transferts;Transfert;FrenchBanq;;Autre;;;;
535;13/09/2022;-0,5;2;Ma Tirelire;Transferts;Transfert;FrenchBanq;;Autre;;;;
536;13/09/2022;-16,3;2;Ma Tirelire;Transferts;Transfert;FrenchBanq;;Autre;;;;
537;13/09/2022;-5;2;GIFI;Équipement du logement;Ameublement;FrenchBanq;;Autre;;;;
538;13/09/2022;-0,31;2;Ma Tirelire;Transferts;Transfert;FrenchBanq;;Autre;;;;
539;14/09/2022;-102,49;2;GIFI;Équipement du logement;Ameublement;FrenchBanq;;Autre;;;;
540;14/09/2022;-10;2;Au Tabac;Alimentation;Café/Bar/Tabac;FrenchBanq;;Autre;;;;
541;14/09/2022;-10;2;La Civette;Alimentation;Café/Bar/Tabac;FrenchBanq;;Autre;;;;
542;14/09/2022;-0,25;2;Ma Tirelire;Transferts;Transfert;FrenchBanq;;Autre;;;;
543;15/09/2022;-55;2;GIFI;Équipement du logement;Ameublement;FrenchBanq;;Autre;;;;
544;15/09/2022;-0,5;2;Ma Tirelire;Transferts;Transfert;FrenchBanq;;Autre;;;;
545;15/09/2022;-5,12;2;Ma Tirelire;Transferts;Transfert;FrenchBanq;;Autre;;;;
546;16/09/2022;-53,36;2;LIDL;Alimentation;Épicerie;FrenchBanq;;Autre;;;;
547;16/09/2022;-2,75;2;Ma Tirelire;Transferts;Transfert;FrenchBanq;;Autre;;;;
548;16/09/2022;-0,5;2;Ma Tirelire;Transferts;Transfert;FrenchBanq;;Autre;;;;
549;17/09/2022;-10;2;La Civette;Alimentation;Café/Bar/Tabac;FrenchBanq;;Autre;;;;
550;19/09/2022;-63,92;2;CroquetteLand;Animaux domestiques;Alimentation;FrenchBanq;;Autre;;;;
551;19/09/2022;-52,41;2;Intermarche;Auto/moto;Carburant;FrenchBanq;;Autre;;;;
552;19/09/2022;-10;2;Au Tabac;Alimentation;Café/Bar/Tabac;FrenchBanq;;Autre;;;;
553;19/09/2022;-2,67;2;Ma Tirelire;Transferts;Transfert;FrenchBanq;;Autre;;;;
554;20/09/2022;-200;2;SCP ZEHNDER-AMOU;Divers;Responsabilité civile;FrenchBanq;;Autre;;;;
555;20/09/2022;-0,5;2;Ma Tirelire;Transferts;Transfert;FrenchBanq;;Autre;;;;
556;20/09/2022;-0,5;2;Ma Tirelire;Transferts;Transfert;FrenchBanq;;Autre;;;;
557;21/09/2022;-10;2;Au Tabac;Alimentation;Café/Bar/Tabac;FrenchBanq;;Autre;;;;
558;21/09/2022;-3,2;2;Ma Tirelire;Transferts;Transfert;FrenchBanq;;Autre;;;;
559;21/09/2022;-2,62;2;Ma Tirelire;Transferts;Transfert;FrenchBanq;;Autre;;;;
560;22/09/2022;-0,5;2;Ma Tirelire;Transferts;Transfert;FrenchBanq;;Autre;;;;
561;22/09/2022;-69,8;2;LIDL;Alimentation;Épicerie;FrenchBanq;;Autre;;;;
562;23/09/2022;-10;2;Au Tabac;Alimentation;Café/Bar/Tabac;FrenchBanq;;Autre;;;;
563;23/09/2022;-41,4;2;PIZZA MAXIME;Alimentation;Restaurant;FrenchBanq;;Autre;;;;
564;23/09/2022;-21,9;2;PIZZA MAXIME;Alimentation;Restaurant;FrenchBanq;;Autre;;;;
565;23/09/2022;-3,49;2;Ma Tirelire;Transferts;Transfert;FrenchBanq;;Autre;;;;
566;26/09/2022;-10;2;Au Tabac;Alimentation;Café/Bar/Tabac;FrenchBanq;;Autre;;;;
567;26/09/2022;-38,15;2;LIDL;Alimentation;Épicerie;FrenchBanq;;Autre;;;;
568;26/09/2022;-6,61;2;LIDL;Alimentation;Épicerie;FrenchBanq;;Autre;;;;
569;26/09/2022;-0,5;2;Ma Tirelire;Transferts;Transfert;FrenchBanq;;Autre;;;;
570;26/09/2022;-0,5;2;Ma Tirelire;Transferts;Transfert;FrenchBanq;;Autre;;;;
571;26/09/2022;-2,07;2;Ma Tirelire;Transferts;Transfert;FrenchBanq;;Autre;;;;
572;26/09/2022;-1,1;2;Ma Tirelire;Transferts;Transfert;FrenchBanq;;Autre;;;;
573;27/09/2022;-0,5;2;Ma Tirelire;Transferts;Transfert;FrenchBanq;;Autre;;;;
574;27/09/2022;-1,91;2;Ma Tirelire;Transferts;Transfert;FrenchBanq;;Autre;;;;
575;27/09/2022;-0,33;2;Ma Tirelire;Transferts;Transfert;FrenchBanq;;Autre;;;;
576;28/09/2022;-10;2;Au Tabac;Alimentation;Café/Bar/Tabac;FrenchBanq;;Autre;;;;
577;28/09/2022;-34,44;2;LIDL;Alimentation;Épicerie;FrenchBanq;;Autre;;;;
578;28/09/2022;35;2;ProBtp;Autres revenus;Remboursement Frais Santé;FrenchBanq;;Autre;;;;
579;29/09/2022;-50;2;Dans La Poche;Transferts;Transfert;FrenchBanq;;Autre;;;;
580;29/09/2022;-0,5;2;Ma Tirelire;Transferts;Transfert;FrenchBanq;;Autre;;;;
581;29/09/2022;-1,72;2;Ma Tirelire;Transferts;Transfert;FrenchBanq;;Autre;;;;
582;30/09/2022;-2,5;2;Ma Tirelire;Transferts;Transfert;FrenchBanq;;Autre;;;;
583;30/09/2022;-50;2;LIDL;Alimentation;Épicerie;FrenchBanq;;Autre;;;;
584;30/09/2022;-10;2;Au Tabac;Alimentation;Café/Bar/Tabac;FrenchBanq;;Autre;;;;
585;01/10/2022;-35;2;Intermarche;Auto/moto;Carburant;FrenchBanq;;Autre;;;;
586;01/10/2022;-225,21;2;BM Lens;Équipement du logement;Ameublement;FrenchBanq;;Autre;;;;
587;01/10/2022;-10;2;Au Tabac;Alimentation;Café/Bar/Tabac;FrenchBanq;;Autre;;;;
588;01/10/2022;-2,9;2;French Bank;Frais bancaires;Services / Abonnement;FrenchBanq;;Autre;;;;
589;01/10/2022;200;2;Ma Tirelire;Transferts;Transfert;FrenchBanq;;Autre;;;;
590;03/10/2022;300;2;Ma Tirelire;Transferts;Transfert;FrenchBanq;;Autre;;;;
591;03/10/2022;-399,99;2;Conforama;Équipement du logement;Électroménager;FrenchBanq;;Autre;;;;
592;03/10/2022;-10;2;Au Tabac;Alimentation;Café/Bar/Tabac;FrenchBanq;;Autre;;;;
593;03/10/2022;1025,32;2;ProBtp;Autres revenus;Complémentaire Santé;FrenchBanq;;Autre;;;;
594;03/10/2022;-2,5;2;Ma Tirelire;Transferts;Transfert;FrenchBanq;;Autre;;;;
595;03/10/2022;-0,5;2;Ma Tirelire;Transferts;Transfert;FrenchBanq;;Autre;;;;
596;03/10/2022;-11,26;2;Ma Tirelire;Transferts;Transfert;FrenchBanq;;Autre;;;;
597;03/10/2022;-0,5;2;Ma Tirelire;Transferts;Transfert;FrenchBanq;;Autre;;;;
598;03/10/2022;-1,75;2;Ma Tirelire;Transferts;Transfert;FrenchBanq;;Autre;;;;
599;03/10/2022;-75,28;2;LIDL;Alimentation;Épicerie;FrenchBanq;;Autre;;;;
600;03/10/2022;200;2;Ma Tirelire;Transferts;Transfert;FrenchBanq;;Autre;;;;
601;04/10/2022;-18,82;2;LIDL;Alimentation;Épicerie;FrenchBanq;;Autre;;;;
602;04/10/2022;-20;2;Ma Tirelire;Transferts;Transfert;FrenchBanq;;Autre;;;;
603;04/10/2022;-0,5;2;Ma Tirelire;Transferts;Transfert;FrenchBanq;;Autre;;;;
604;04/10/2022;-3,76;2;Ma Tirelire;Transferts;Transfert;FrenchBanq;;Autre;;;;
605;05/10/2022;-47,04;2;Intermarche;Alimentation;Épicerie;FrenchBanq;;Autre;;;;
606;05/10/2022;-10;2;Au Tabac;Alimentation;Café/Bar/Tabac;FrenchBanq;;Autre;;;;
607;05/10/2022;-4;2;Ma Tirelire;Transferts;Transfert;FrenchBanq;;Autre;;;;
608;05/10/2022;-0,94;2;Ma Tirelire;Transferts;Transfert;FrenchBanq;;Autre;;;;
609;06/10/2022;1038,76;2;CPAM DE L'ARTOIS;Autres revenus;Pension Invalidité;FrenchBanq;;Autre;;;;
610;06/10/2022;-0,5;2;Ma Tirelire;Transferts;Transfert;FrenchBanq;;Autre;;;;
611;07/10/2022;-10;2;Au Tabac;Alimentation;Café/Bar/Tabac;FrenchBanq;;Autre;;;;
612;07/10/2022;-43,87;2;L'Olivier Assurance;Auto/moto;Assurance Auto/moto;FrenchBanq;;Autre;;;;
613;07/10/2022;-30;2;LIDL;Équipement du logement;Électroménager;FrenchBanq;;Autre;;;;
613;07/10/2022;-57,11;2;LIDL;Alimentation;Épicerie;FrenchBanq;;Autre;;;;
614;07/10/2022;-2,35;2;Ma Tirelire;Transferts;Transfert;FrenchBanq;;Autre;;;;
615;08/10/2022;-10;2;Au Tabac;Alimentation;Café/Bar/Tabac;FrenchBanq;;Autre;;;;
616;09/10/2022;-29,6;2;PIZZA MAXIME;Alimentation;Restaurant;FrenchBanq;;Autre;;;;
617;09/10/2022;-19,99;2;FreeMobile;Abonnement/factures;Portable;FrenchBanq;;Autre;;;;
618;10/10/2022;-15;2;LIDL;Équipement du logement;Électroménager;FrenchBanq;;Autre;;;;
618;10/10/2022;-28,88;2;LIDL;Alimentation;Épicerie;FrenchBanq;;Autre;;;;
619;10/10/2022;-10;2;Au Tabac;Alimentation;Café/Bar/Tabac;FrenchBanq;;Autre;;;;
620;10/10/2022;-4,36;2;Ma Tirelire;Transferts;Transfert;FrenchBanq;;Autre;;;;
621;10/10/2022;-0,5;2;Ma Tirelire;Transferts;Transfert;FrenchBanq;;Autre;;;;
622;11/10/2022;-2,19;2;Ma Tirelire;Transferts;Transfert;FrenchBanq;;Autre;;;;
623;11/10/2022;-0,5;2;Ma Tirelire;Transferts;Transfert;FrenchBanq;;Autre;;;;
624;11/10/2022;-2,5;2;Subway;Alimentation;Restaurant;FrenchBanq;;Autre;;;;
625;11/10/2022;-21,99;2;Stokomani;Équipement du logement;Ordinateur et accessoires;FrenchBanq;;Autre;;;;
626;11/10/2022;-48;2;Tigo;Alimentation;Restaurant;FrenchBanq;;Autre;;;;
627;11/10/2022;-69,42;2;Cora;Équipement du logement;Ameublement;FrenchBanq;;Autre;;;;
628;12/10/2022;-10;2;Au Tabac;Alimentation;Café/Bar/Tabac;FrenchBanq;;Autre;;;;
629;12/10/2022;-59;2;Nocibe;Divers;Cadeaux;FrenchBanq;;Autre;;;;
629;12/10/2022;-60,74;2;Nocibe;Soins de la personne;Coiffeur/esthéticienne;FrenchBanq;;Autre;;;;
630;12/10/2022;-53,45;2;LIDL;Alimentation;Épicerie;FrenchBanq;;Autre;;;;
631;12/10/2022;-2,4;2;Ma Tirelire;Transferts;Transfert;FrenchBanq;;Autre;;;;
632;12/10/2022;-1,1;2;Ma Tirelire;Transferts;Transfert;FrenchBanq;;Autre;;;;
633;12/10/2022;-0,13;2;Ma Tirelire;Transferts;Transfert;FrenchBanq;;Autre;;;;
634;12/10/2022;-1,48;2;Ma Tirelire;Transferts;Transfert;FrenchBanq;;Autre;;;;
635;12/10/2022;-15,85;2;Flunch;Alimentation;Restaurant;FrenchBanq;;Autre;;;;
636;13/10/2022;-0,5;2;Ma Tirelire;Transferts;Transfert;FrenchBanq;;Autre;;;;
637;13/10/2022;-5,99;2;Ma Tirelire;Transferts;Transfert;FrenchBanq;;Autre;;;;
638;13/10/2022;-2,67;2;Ma Tirelire;Transferts;Transfert;FrenchBanq;;Autre;;;;
639;13/10/2022;-3,47;2;Ma Tirelire;Transferts;Transfert;FrenchBanq;;Autre;;;;
640;13/10/2022;-8,92;2;LIDL;Alimentation;Épicerie;FrenchBanq;;Autre;;;;
641;14/10/2022;-10;2;Au Tabac;Alimentation;Café/Bar/Tabac;FrenchBanq;;Autre;;;;
642;14/10/2022;-0,45;2;Ma Tirelire;Transferts;Transfert;FrenchBanq;;Autre;;;;
643;14/10/2022;-0,79;2;Ma Tirelire;Transferts;Transfert;FrenchBanq;;Autre;;;;
644;16/10/2022;-10;2;Au Tabac;Alimentation;Café/Bar/Tabac;FrenchBanq;;Autre;;;;
645;17/10/2022;-129,44;2;Leclerc;Alimentation;Épicerie;FrenchBanq;;Autre;;;;
646;17/10/2022;-81,27;2;Amazon;Équipement du logement;Ameublement;FrenchBanq;;Autre;;;;
647;17/10/2022;-0,5;2;Ma Tirelire;Transferts;Transfert;FrenchBanq;;Autre;;;;
648;17/10/2022;-0,5;2;Ma Tirelire;Transferts;Transfert;FrenchBanq;;Autre;;;;
649;18/10/2022;-15,85;2;Flunch;Alimentation;Restaurant;FrenchBanq;;Autre;;;;
650;18/10/2022;-300;2;Dans La Poche;Transferts;Transfert;FrenchBanq;;Autre;;;;
651;18/10/2022;-28,55;2;Jeff de Bruges;Divers;Cadeaux;FrenchBanq;;Autre;;;;
652;18/10/2022;-36,88;2;King Jouet;Divers;Cadeaux;FrenchBanq;;Autre;;;;
653;18/10/2022;-25,68;2;LIDL;Alimentation;Épicerie;FrenchBanq;;Autre;;;;
654;18/10/2022;-3,25;2;LIDL;Alimentation;Épicerie;FrenchBanq;;Autre;;;;
655;18/10/2022;-6,47;2;Ma Tirelire;Transferts;Transfert;FrenchBanq;;Autre;;;;
656;18/10/2022;-0,5;2;Ma Tirelire;Transferts;Transfert;FrenchBanq;;Autre;;;;
657;19/10/2022;-10;2;Au Tabac;Alimentation;Café/Bar/Tabac;FrenchBanq;;Autre;;;;
658;19/10/2022;-169,14;2;L'Olivier Assurance;Abonnement/factures;Assurance habitation;FrenchBanq;;Autre;;;;
659;19/10/2022;-8,26;2;LIDL;Alimentation;Épicerie;FrenchBanq;;Autre;;;;
660;19/10/2022;-0,16;2;Ma Tirelire;Transferts;Transfert;FrenchBanq;;Autre;;;;
661;19/10/2022;-1,28;2;Ma Tirelire;Transferts;Transfert;FrenchBanq;;Autre;;;;
662;19/10/2022;-1,43;2;Ma Tirelire;Transferts;Transfert;FrenchBanq;;Autre;;;;
663;19/10/2022;-4,06;2;Ma Tirelire;Transferts;Transfert;FrenchBanq;;Autre;;;;
664;19/10/2022;-0,79;2;Ma Tirelire;Transferts;Transfert;FrenchBanq;;Autre;;;;
665;19/10/2022;-0,9;2;French Bank;Frais bancaires;Frais divers;FrenchBanq;;Autre;;;;
666;19/10/2022;-15;2;Ma Tirelire;Transferts;Transfert;FrenchBanq;;Autre;;;;
667;20/10/2022;-200;2;SCP ZEHNDER-AMOU;Divers;Responsabilité civile;FrenchBanq;;Autre;;;;
668;20/10/2022;-0,5;2;Ma Tirelire;Transferts;Transfert;FrenchBanq;;Autre;;;;
669;20/10/2022;-0,41;2;Ma Tirelire;Transferts;Transfert;FrenchBanq;;Autre;;;;
670;20/10/2022;-8,46;2;Ma Tirelire;Transferts;Transfert;FrenchBanq;;Autre;;;;
671;20/10/2022;-1,84;2;Ma Tirelire;Transferts;Transfert;FrenchBanq;;Autre;;;;
672;20/10/2022;-15,81;2;LIDL;Alimentation;Épicerie;FrenchBanq;;Autre;;;;
673;20/10/2022;-10;2;Au Tabac;Alimentation;Café/Bar/Tabac;FrenchBanq;;Autre;;;;
674;21/10/2022;200;2;Ma Tirelire;Transferts;Transfert;FrenchBanq;;Autre;;;;
675;21/10/2022;-38,95;2;Amazon;Équipement du logement;Ameublement;FrenchBanq;;Autre;;;;
676;21/10/2022;-0,79;2;Ma Tirelire;Transferts;Transfert;FrenchBanq;;Autre;;;;
677;21/10/2022;-0,5;2;Ma Tirelire;Transferts;Transfert;FrenchBanq;;Autre;;;;
678;21/10/2022;-36,94;2;L'Incroyable;Équipement du logement;Ameublement;FrenchBanq;;Autre;;;;
679;22/10/2022;-30,01;2;Total Carburant;Auto/moto;Carburant;FrenchBanq;;Autre;;;;
680;22/10/2022;-10;2;Au Tabac;Alimentation;Café/Bar/Tabac;FrenchBanq;;Autre;;;;
681;22/10/2022;-36,8;2;Mc Donald;Alimentation;Restaurant;FrenchBanq;;Autre;;;;
682;22/10/2022;100;2;Ma Tirelire;Transferts;Transfert;FrenchBanq;;Autre;;;;
683;22/10/2022;100;2;Ma Tirelire;Transferts;Transfert;FrenchBanq;;Autre;;;;
684;23/10/2022;-10;2;Au Tabac;Alimentation;Café/Bar/Tabac;FrenchBanq;;Autre;;;;
685;24/10/2022;-1,85;2;Ma Tirelire;Transferts;Transfert;FrenchBanq;;Autre;;;;
686;24/10/2022;-3,67;2;Ma Tirelire;Transferts;Transfert;FrenchBanq;;Autre;;;;
687;24/10/2022;-0,5;2;Ma Tirelire;Transferts;Transfert;FrenchBanq;;Autre;;;;
688;24/10/2022;-0,5;2;Ma Tirelire;Transferts;Transfert;FrenchBanq;;Autre;;;;
689;24/10/2022;-1,95;2;Ma Tirelire;Transferts;Transfert;FrenchBanq;;Autre;;;;
690;24/10/2022;-1,5;2;Ma Tirelire;Transferts;Transfert;FrenchBanq;;Autre;;;;
691;24/10/2022;-73,47;2;Cora;Alimentation;Épicerie;FrenchBanq;;Autre;;;;
692;24/10/2022;-10;2;Au Tabac;Alimentation;Café/Bar/Tabac;FrenchBanq;;Autre;;;;
693;25/10/2022;-1,84;2;Ma Tirelire;Transferts;Transfert;FrenchBanq;;Autre;;;;
694;25/10/2022;-66,2;2;PIZZA MAXIME;Alimentation;Restaurant;FrenchBanq;;Autre;;;;
695;25/10/2022;-34,4;2;iIkéa;Alimentation;Restaurant;FrenchBanq;;Autre;;;;
696;25/10/2022;-10;2;Au Tabac;Alimentation;Café/Bar/Tabac;FrenchBanq;;Autre;;;;
697;26/10/2022;-0,5;2;Ma Tirelire;Transferts;Transfert;FrenchBanq;;Autre;;;;
698;26/10/2022;-73,11;2;LIDL;Alimentation;Épicerie;FrenchBanq;;Autre;;;;
699;26/10/2022;-20,24;2;Intermarche;Alimentation;Épicerie;FrenchBanq;;Autre;;;;
700;27/10/2022;-10;2;La Civette;Alimentation;Café/Bar/Tabac;FrenchBanq;;Autre;;;;
701;27/10/2022;-3,66;2;Ma Tirelire;Transferts;Transfert;FrenchBanq;;Autre;;;;
702;27/10/2022;-1,72;2;Ma Tirelire;Transferts;Transfert;FrenchBanq;;Autre;;;;
703;27/10/2022;-3,31;2;Ma Tirelire;Transferts;Transfert;FrenchBanq;;Autre;;;;
704;28/10/2022;-1,01;2;Ma Tirelire;Transferts;Transfert;FrenchBanq;;Autre;;;;
705;28/10/2022;-10;2;Au Tabac;Alimentation;Café/Bar/Tabac;FrenchBanq;;Autre;;;;
706;29/10/2022;-76,41;2;LIDL;Alimentation;Épicerie;FrenchBanq;;Autre;;;;
707;29/10/2022;500;2;Ma Tirelire;Transferts;Transfert;FrenchBanq;;Autre;;;;
708;30/10/2022;-13,2;2;Mc Donald;Alimentation;Restaurant;FrenchBanq;;Autre;;;;
709;30/10/2022;-10;2;Au Tabac;Alimentation;Café/Bar/Tabac;FrenchBanq;;Autre;;;;
710;30/10/2022;-17,99;2;BM Lens;Équipement du logement;Ameublement;FrenchBanq;;Autre;;;;
711;30/10/2022;-10,78;2;Cora;Alimentation;Épicerie;FrenchBanq;;Autre;;;;
712;31/10/2022;-480;2;Dans La Poche;Transferts;Transfert;FrenchBanq;;Autre;;;;
713;31/10/2022;-0,9;2;French Bank;Frais bancaires;Frais divers;FrenchBanq;;Autre;;;;
714;31/10/2022;-500;2;Dans La Poche;Transferts;Transfert;FrenchBanq;;Autre;;;;
715;31/10/2022;-0,9;2;French Bank;Frais bancaires;Frais divers;FrenchBanq;;Autre;;;;
716;31/10/2022;-20;2;Dans La Poche;Transferts;Transfert;FrenchBanq;;Autre;;;;
717;31/10/2022;-0,5;2;Ma Tirelire;Transferts;Transfert;FrenchBanq;;Autre;;;;
718;31/10/2022;-0,9;2;Ma Tirelire;Transferts;Transfert;FrenchBanq;;Autre;;;;
719;31/10/2022;-0,54;2;Ma Tirelire;Transferts;Transfert;FrenchBanq;;Autre;;;;
720;31/10/2022;-3,82;2;Ma Tirelire;Transferts;Transfert;FrenchBanq;;Autre;;;;
721;31/10/2022;-0,5;2;Ma Tirelire;Transferts;Transfert;FrenchBanq;;Autre;;;;
722;31/10/2022;-0,5;2;Ma Tirelire;Transferts;Transfert;FrenchBanq;;Autre;;;;
723;31/10/2022;1000;2;Ma Tirelire;Transferts;Transfert;FrenchBanq;;Autre;;;;
724;31/10/2022;-0,51;2;Ma Tirelire;Transferts;Transfert;FrenchBanq;;Autre;;;;
725;31/10/2022;-10;2;Au Tabac;Alimentation;Café/Bar/Tabac;FrenchBanq;;Autre;;;;
726;01/11/2022;-41;2;Tigo;Alimentation;Restaurant;FrenchBanq;;Autre;;;;
727;01/11/2022;-10;2;Au Tabac;Alimentation;Café/Bar/Tabac;FrenchBanq;;Autre;;;;
728;01/11/2022;-69,26;2;LIDL;Alimentation;Épicerie;FrenchBanq;;Autre;;;;
729;01/11/2022;-15,3;2;Leroy Merlin;Équipement du logement;Ameublement;FrenchBanq;;Autre;;;;
730;01/11/2022;-2,9;2;French Bank;Frais bancaires;Services / Abonnement;FrenchBanq;;Autre;;;;
731;02/11/2022;-10;2;Au Tabac;Alimentation;Café/Bar/Tabac;FrenchBanq;;Autre;;;;
732;02/11/2022;-2,05;2;Ma Tirelire;Transferts;Transfert;FrenchBanq;;Autre;;;;
733;02/11/2022;-25;2;Ma Tirelire;Transferts;Transfert;FrenchBanq;;Autre;;;;
734;02/11/2022;-24;2;Ma Tirelire;Transferts;Transfert;FrenchBanq;;Autre;;;;
735;02/11/2022;-1;2;Ma Tirelire;Transferts;Transfert;FrenchBanq;;Autre;;;;
736;02/11/2022;-0,5;2;Ma Tirelire;Transferts;Transfert;FrenchBanq;;Autre;;;;
737;02/11/2022;-3,46;2;Ma Tirelire;Transferts;Transfert;FrenchBanq;;Autre;;;;
738;02/11/2022;-0,77;2;Ma Tirelire;Transferts;Transfert;FrenchBanq;;Autre;;;;
739;02/11/2022;-0,66;2;Ma Tirelire;Transferts;Transfert;FrenchBanq;;Autre;;;;
740;02/11/2022;-36,95;2;Amazon;Équipement du logement;Ameublement;FrenchBanq;;Autre;;;;
741;02/11/2022;1025,32;2;ProBtp;Autres revenus;Complémentaire Santé;FrenchBanq;;Autre;;;;
742;02/11/2022;-0,9;2;French Bank;Frais bancaires;Frais divers;FrenchBanq;;Autre;;;;
743;03/11/2022;-0,5;2;Ma Tirelire;Transferts;Transfert;FrenchBanq;;Autre;;;;
744;03/11/2022;-39,44;2;LIDL;Alimentation;Épicerie;FrenchBanq;;Autre;;;;
745;04/11/2022;-10;2;Au Tabac;Alimentation;Café/Bar/Tabac;FrenchBanq;;Autre;;;;
746;04/11/2022;-43,87;2;L'Olivier Assurance;Auto/moto;Assurance Auto/moto;FrenchBanq;;Autre;;;;
747;04/11/2022;1044,26;2;CPAM DE L'ARTOIS;Autres revenus;Pension Invalidité;FrenchBanq;;Autre;;;;
748;04/11/2022;-1,97;2;Ma Tirelire;Transferts;Transfert;FrenchBanq;;Autre;;;;
749;04/11/2022;-1,85;2;Ma Tirelire;Transferts;Transfert;FrenchBanq;;Autre;;;;
750;05/11/2022;-49,8;2;Brico Leclerc;Équipement du logement;Ameublement;FrenchBanq;;Autre;;;;
751;05/11/2022;-19,79;2;MaxiBazar;Équipement du logement;Ameublement;FrenchBanq;;Autre;;;;
752;05/11/2022;-6,9;2;Mc Donald;Alimentation;Restaurant;FrenchBanq;;Autre;;;;
753;05/11/2022;-19,5;2;Atelier du Gourmet;Alimentation;Restaurant;FrenchBanq;;Autre;;;;
754;05/11/2022;-30,01;2;Leroy Merlin;Auto/moto;Carburant;FrenchBanq;;Autre;;;;
755;05/11/2022;-5,64;2;Amazon;Équipement du logement;Ameublement;FrenchBanq;;Autre;;;;
756;06/11/2022;-10;2;Au Tabac;Alimentation;Café/Bar/Tabac;FrenchBanq;;Autre;;;;
757;07/11/2022;-1,5;2;Ma Tirelire;Transferts;Transfert;FrenchBanq;;Autre;;;;
758;07/11/2022;-0,28;2;Ma Tirelire;Transferts;Transfert;FrenchBanq;;Autre;;;;
759;07/11/2022;-0,35;2;Ma Tirelire;Transferts;Transfert;FrenchBanq;;Autre;;;;
760;07/11/2022;-0,5;2;Ma Tirelire;Transferts;Transfert;FrenchBanq;;Autre;;;;
761;07/11/2022;-0,99;2;Ma Tirelire;Transferts;Transfert;FrenchBanq;;Autre;;;;
762;07/11/2022;-2,49;2;Ma Tirelire;Transferts;Transfert;FrenchBanq;;Autre;;;;
763;07/11/2022;-0,5;2;Ma Tirelire;Transferts;Transfert;FrenchBanq;;Autre;;;;
764;07/11/2022;-62,55;2;LIDL;Alimentation;Épicerie;FrenchBanq;;Autre;;;;
764;07/11/2022;-30;2;LIDL;Équipement du logement;Électroménager;FrenchBanq;;Autre;;;;
765;07/11/2022;-10;2;Au Tabac;Alimentation;Café/Bar/Tabac;FrenchBanq;;Autre;;;;
766;07/11/2022;-0,9;2;French Bank;Frais bancaires;Frais divers;FrenchBanq;;Autre;;;;
767;07/11/2022;-50;2;Dans La Poche;Transferts;Transfert;FrenchBanq;;Autre;;;;
768;07/11/2022;-0,5;2;Ma Tirelire;Transferts;Transfert;FrenchBanq;;Autre;;;;
769;07/11/2022;-4,63;2;Ma Tirelire;Transferts;Transfert;FrenchBanq;;Autre;;;;
770;07/11/2022;-0,98;2;Ma Tirelire;Transferts;Transfert;FrenchBanq;;Autre;;;;
771;09/11/2022;-19,99;2;FreeMobile;Abonnement/factures;Portable;FrenchBanq;;Autre;;;;
772;09/11/2022;-2,5;2;Ma Tirelire;Transferts;Transfert;FrenchBanq;;Autre;;;;
773;09/11/2022;-75,1;2;LIDL;Alimentation;Épicerie;FrenchBanq;;Autre;;;;
773;09/11/2022;-70;2;LIDL;Équipement du logement;Électroménager;FrenchBanq;;Autre;;;;
774;09/11/2022;-10;2;Au Tabac;Alimentation;Café/Bar/Tabac;FrenchBanq;;Autre;;;;
775;10/11/2022;-250;2;Dans La Poche;Transferts;Transfert;FrenchBanq;;Autre;;;;
776;10/11/2022;-58,92;2;GIFI;Équipement du logement;Ameublement;FrenchBanq;;Autre;;;;
777;10/11/2022;-0,5;2;Ma Tirelire;Transferts;Transfert;FrenchBanq;;Autre;;;;
778;10/11/2022;-7,26;2;Ma Tirelire;Transferts;Transfert;FrenchBanq;;Autre;;;;
779;11/11/2022;-10;2;Carre d'as;Alimentation;Café/Bar/Tabac;FrenchBanq;;Autre;;;;
780;11/11/2022;-136,94;2;GIFI;Équipement du logement;Ameublement;FrenchBanq;;Autre;;;;
781;14/11/2022;-2,95;2;Ma Tirelire;Transferts;Transfert;FrenchBanq;;Autre;;;;
782;14/11/2022;-6,85;2;Ma Tirelire;Transferts;Transfert;FrenchBanq;;Autre;;;;
783;14/11/2022;-3,43;2;Ma Tirelire;Transferts;Transfert;FrenchBanq;;Autre;;;;
784;14/11/2022;-12,5;2;Ma Tirelire;Transferts;Transfert;FrenchBanq;;Autre;;;;
785;14/11/2022;-68,51;2;LIDL;Alimentation;Épicerie;FrenchBanq;;Autre;;;;
786;15/11/2022;-50;2;Dans La Poche;Transferts;Transfert;FrenchBanq;;Autre;;;;
787;15/11/2022;-0,5;2;Ma Tirelire;Transferts;Transfert;FrenchBanq;;Autre;;;;
788;15/11/2022;-0,9;2;French Bank;Frais bancaires;Frais divers;FrenchBanq;;Autre;;;;
789;16/11/2022;-2,5;2;Ma Tirelire;Transferts;Transfert;FrenchBanq;;Autre;;;;
790;16/11/2022;-10;2;Au Tabac;Alimentation;Café/Bar/Tabac;FrenchBanq;;Autre;;;;
791;16/11/2022;-34,19;2;LIDL;Alimentation;Épicerie;FrenchBanq;;Autre;;;;
792;17/11/2022;-2,54;2;LIDL;Alimentation;Épicerie;FrenchBanq;;Autre;;;;
793;17/11/2022;-6,9;2;Leroy Merlin;Équipement du logement;Bricolage / Outils;FrenchBanq;;Autre;;;;
794;17/11/2022;-152;2;Engie;Abonnement/factures;Electricité;FrenchBanq;;Autre;;;;
795;17/11/2022;-0,5;2;Ma Tirelire;Transferts;Transfert;FrenchBanq;;Autre;;;;
796;17/11/2022;-1,71;2;Ma Tirelire;Transferts;Transfert;FrenchBanq;;Autre;;;;
797;18/11/2022;-0,13;2;Ma Tirelire;Transferts;Transfert;FrenchBanq;;Autre;;;;
798;18/11/2022;-0,35;2;Ma Tirelire;Transferts;Transfert;FrenchBanq;;Autre;;;;
799;18/11/2022;-10;2;Au Tabac;Alimentation;Café/Bar/Tabac;FrenchBanq;;Autre;;;;
800;18/11/2022;-200;2;SCP ZEHNDER-AMOU;Divers;Responsabilité civile;FrenchBanq;;Autre;;;;
801;19/11/2022;-29,99;2;Gemo;Habillement;Chaussures;FrenchBanq;;Autre;;;;
802;19/11/2022;-18,97;2;Action;Équipement du logement;Travaux / Décoration;FrenchBanq;;Autre;;;;
803;19/11/2022;-30,02;2;Action;Équipement du logement;Ameublement;FrenchBanq;;Autre;;;;
804;19/11/2022;-13,3;2;Mc Donald;Alimentation;Restaurant;FrenchBanq;;Autre;;;;
805;19/11/2022;-70;2;Dans La Poche;Transferts;Transfert;FrenchBanq;;Autre;;;;
806;20/11/2022;-92,2;2;PIZZA MAXIME;Alimentation;Restaurant;FrenchBanq;;Autre;;;;
807;20/11/2022;-29,3;2;Amazon;Habillement;Vetements;FrenchBanq;;Autre;;;;
808;20/11/2022;-9,99;2;Amazon;Habillement;Vetements;FrenchBanq;;Autre;;;;
809;21/11/2022;-1,5;2;Ma Tirelire;Transferts;Transfert;FrenchBanq;;Autre;;;;
810;21/11/2022;-1,5;2;Ma Tirelire;Transferts;Transfert;FrenchBanq;;Autre;;;;
811;21/11/2022;-0,95;2;Ma Tirelire;Transferts;Transfert;FrenchBanq;;Autre;;;;
812;21/11/2022;-0,5;2;Ma Tirelire;Transferts;Transfert;FrenchBanq;;Autre;;;;
813;22/11/2022;-4,61;2;Ma Tirelire;Transferts;Transfert;FrenchBanq;;Autre;;;;
814;22/11/2022;-3,5;2;Ma Tirelire;Transferts;Transfert;FrenchBanq;;Autre;;;;
815;22/11/2022;-0,67;2;Ma Tirelire;Transferts;Transfert;FrenchBanq;;Autre;;;;
816;22/11/2022;-0,9;2;French Bank;Frais bancaires;Frais divers;FrenchBanq;;Autre;;;;
817;23/11/2022;-1,47;2;Ma Tirelire;Transferts;Transfert;FrenchBanq;;Autre;;;;
818;24/11/2022;-0,5;2;Ma Tirelire;Transferts;Transfert;FrenchBanq;;Autre;;;;
819;26/11/2022;-57,61;2;LIDL;Alimentation;Épicerie;FrenchBanq;;Autre;;;;
820;26/11/2022;100;2;Ma Tirelire;Transferts;Transfert;FrenchBanq;;Autre;;;;
821;28/11/2022;-2,88;2;Ma Tirelire;Transferts;Transfert;FrenchBanq;;Autre;;;;
822;29/11/2022;-0,85;2;Ma Tirelire;Transferts;Transfert;FrenchBanq;;Autre;;;;
823;29/11/2022;-16,99;2;Amazon;Habillement;Vetements;FrenchBanq;;Autre;;;;
824;30/11/2022;-0,5;2;Ma Tirelire;Transferts;Transfert;FrenchBanq;;Autre;;;;
825;30/11/2022;-0,5;2;Ma Tirelire;Transferts;Transfert;FrenchBanq;;Autre;;;;
826;01/12/2022;-2,9;2;French Bank;Frais bancaires;Services / Abonnement;FrenchBanq;;Autre;;;;
827;01/12/2022;1025,32;0;ProBtp;Autres revenus;Complémentaire Santé;FrenchBanq;;Autre;;;;
828;02/12/2022;-10;2;Au Tabac;Alimentation;Café/Bar/Tabac;FrenchBanq;;Autre;;;;
829;02/12/2022;-57,19;0;Brico Leclerc;Équipement du logement;Ameublement;FrenchBanq;;Autre;;;;
830;02/12/2022;-96,45;0;Leclerc;Alimentation;Épicerie;FrenchBanq;;Autre;;;;
831;02/12/2022;-5,96;0;MaxiBazar;Équipement du logement;Ameublement;FrenchBanq;;Autre;;;;
832;02/12/2022;-10;0;Au Tabac;Alimentation;Café/Bar/Tabac;FrenchBanq;;Autre;;;;
833;03/12/2022;-30,01;0;Intermarche;Auto/moto;Carburant;FrenchBanq;;Autre;;;;
834;03/12/2022;-14,5;0;Tigo;Alimentation;Restaurant;FrenchBanq;;Autre;;;;
835;04/12/2022;-10;2;Au Tabac;Alimentation;Café/Bar/Tabac;FrenchBanq;;Autre;;;;
836;04/12/2022;-10;0;Au Tabac;Alimentation;Café/Bar/Tabac;FrenchBanq;;Autre;;;;
837;05/12/2022;50;0;TCL;Autres revenus;Remboursement Divers;FrenchBanq;;Autre;;;;
838;05/12/2022;1045,27;0;CPAM DE L'ARTOIS;Autres revenus;Pension Invalidité;FrenchBanq;;Autre;;;;
839;05/12/2022;-499,37;0;Sia;Abonnement/factures;Loyer;FrenchBanq;;Autre;;;;
840;05/12/2022;-43,87;0;L'Olivier Assurance;Auto/moto;Assurance Auto/moto;FrenchBanq;;Autre;;;;
841;05/12/2022;-2,86;0;Ma Tirelire;Transferts;Transfert;FrenchBanq;;Autre;;;;
842;05/12/2022;-4,82;0;Ma Tirelire;Transferts;Transfert;FrenchBanq;;Autre;;;;
843;05/12/2022;-0,3;0;Ma Tirelire;Transferts;Transfert;FrenchBanq;;Autre;;;;
844;05/12/2022;-0,5;0;Ma Tirelire;Transferts;Transfert;FrenchBanq;;Autre;;;;
845;05/12/2022;-0,73;0;Ma Tirelire;Transferts;Transfert;FrenchBanq;;Autre;;;;
846;05/12/2022;-1,5;0;Ma Tirelire;Transferts;Transfert;FrenchBanq;;Autre;;;;
847;06/12/2022;-10;0;Au Tabac;Alimentation;Café/Bar/Tabac;FrenchBanq;;Autre;;;;
848;06/12/2022;-5,24;0;LIDL;Alimentation;Épicerie;FrenchBanq;;Autre;;;;
848;06/12/2022;-30;0;LIDL;Équipement du logement;Équipement du logement;FrenchBanq;;Autre;;;;
849;06/12/2022;-0,5;0;Ma Tirelire;Transferts;Transfert;FrenchBanq;;Autre;;;;
850;06/12/2022;-101,98;0;Free;Abonnement/factures;Internet;FrenchBanq;;Autre;;;;
851;07/12/2022;-1,76;0;Ma Tirelire;Transferts;Transfert;FrenchBanq;;Autre;;;;
852;07/12/2022;-0,5;0;Ma Tirelire;Transferts;Transfert;FrenchBanq;;Autre;;;;
853;07/12/2022;-9,99;0;FreeMobile;Abonnement/factures;Portable;FrenchBanq;;Autre;;;;
854;08/12/2022;-52,31;0;Action;Équipement du logement;Ameublement;FrenchBanq;;Autre;;;;
855;08/12/2022;-29,99;0;Chinois;Divers;Cadeaux;FrenchBanq;;Autre;;;;
856;09/12/2022;-0,9;0;French Bank;Frais bancaires;Frais divers;FrenchBanq;;Autre;;;;
857;09/12/2022;-300;0;Dans La Poche;Transferts;Transfert;FrenchBanq;;Autre;;;;
858;09/12/2022;-317,89;0;Brico Leclerc;Équipement du logement;Ameublement;FrenchBanq;;Autre;;;;
859;09/12/2022;-22;0;Brico Leclerc;Équipement du logement;Ameublement;FrenchBanq;;Autre;;;;
860;09/12/2022;-9;0;Leclerc loc;Auto/moto;Location de voiture;FrenchBanq;;Autre;;;;
861;09/12/2022;-2,62;0;Ma Tirelire;Transferts;Transfert;FrenchBanq;;Autre;;;;
862;09/12/2022;-1,25;0;Ma Tirelire;Transferts;Transfert;FrenchBanq;;Autre;;;;
863;12/12/2022;-15;0;Ma Tirelire;Transferts;Transfert;FrenchBanq;;Autre;;;;
864;12/12/2022;-15,89;0;Ma Tirelire;Transferts;Transfert;FrenchBanq;;Autre;;;;
865;12/12/2022;-1,1;0;Ma Tirelire;Transferts;Transfert;FrenchBanq;;Autre;;;;
866;12/12/2022;-0,45;0;Ma Tirelire;Transferts;Transfert;FrenchBanq;;Autre;;;;
867;13/12/2022;-10;0;Au Tabac;Alimentation;Café/Bar/Tabac;FrenchBanq;;Autre;;;;
868;13/12/2022;-115,81;0;Leclerc;Alimentation;Épicerie;FrenchBanq;;Autre;;;;
869;15/12/2022;1000;0;Ma Tirelire;Transferts;Transfert;FrenchBanq;;Autre;;;;
870;15/12/2022;-223,98;0;cdiscount;Équipement du logement;Ameublement;FrenchBanq;;Autre;;;;
871;15/12/2022;-10;0;La Civette;Alimentation;Café/Bar/Tabac;FrenchBanq;;Autre;;;;
872;15/12/2022;-50;0;Dans La Poche;Transferts;Transfert;FrenchBanq;;Autre;;;;
873;15/12/2022;-70,15;0;Intermarche;Auto/moto;Carburant;FrenchBanq;;Autre;;;;
874;16/12/2022;-0,9;2;French Bank;Frais bancaires;Frais divers;FrenchBanq;;Autre;;;;
875;16/12/2022;-15;0;LIDL;Habillement;Vetements;FrenchBanq;;Autre;;;;
875;16/12/2022;-77,47;0;LIDL;Alimentation;Épicerie;FrenchBanq;;Autre;;;;
876;16/12/2022;-38;0;Lili Fleur;Équipement du logement;Travaux / Décoration;FrenchBanq;;Autre;;;;
877;19/12/2022;-0,5;0;Ma Tirelire;Transferts;Transfert;FrenchBanq;;Autre;;;;
878;19/12/2022;-4,62;0;Ma Tirelire;Transferts;Transfert;FrenchBanq;;Autre;;;;
879;19/12/2022;-1,9;0;Ma Tirelire;Transferts;Transfert;FrenchBanq;;Autre;;;;
880;19/12/2022;-3,51;0;Ma Tirelire;Transferts;Transfert;FrenchBanq;;Autre;;;;
881;19/12/2022;-11,2;0;Ma Tirelire;Transferts;Transfert;FrenchBanq;;Autre;;;;
882;19/12/2022;-2,5;0;Ma Tirelire;Transferts;Transfert;FrenchBanq;;Autre;;;;
883;19/12/2022;-152;0;Engie;Abonnement/factures;Electricité;FrenchBanq;;Autre;;;;
884;20/12/2022;-200;0;SCP ZEHNDER-AMOU;Divers;Responsabilité civile;FrenchBanq;;Autre;;;;
885;27/12/2022;-318,95;0;Electro Depot;Équipement du logement;Ameublement;FrenchBanq;;Autre;;;;
886;27/12/2022;-1;0;Les restos du coeur;Divers;Dons caritatifs;FrenchBanq;;Autre;;;;
887;27/12/2022;400;0;Ma Tirelire;Transferts;Transfert;FrenchBanq;;Autre;;;;
888;27/12/2022;-105,5;0;Gourmet King;Alimentation;Restaurant;FrenchBanq;;Autre;;;;
889;28/12/2022;-10;0;Au Tabac;Alimentation;Café/Bar/Tabac;FrenchBanq;;Autre;;;;
890;28/12/2022;-15;0;LIDL;Équipement du logement;Ordinateur et accessoires;FrenchBanq;;Autre;;;;
890;28/12/2022;-47,39;0;LIDL;Alimentation;Épicerie;FrenchBanq;;Autre;;;;
891;03/10/2022;-79,96;2;David Malbranque;Prêt Personnelle;Non remboursés;FrenchBanq;;Autre;;;;Cadeau Mag
892;16/11/2022;-68,05;2;Engie;Abonnement/factures;Electricité;FrenchBanq;;Autre;;;;facture souscription
893;05/09/2022;-180;2;Saison Adeline;Enfants;Pension Alimentaire;FrenchBanq;;Autre;;;;Pension Alimentaire
894;05/10/2022;-180;2;Saison Adeline;Enfants;Pension Alimentaire;FrenchBanq;;Autre;;;;Pension Alimentaire
895;04/11/2022;-180;2;Saison Adeline;Enfants;Pension Alimentaire;FrenchBanq;;Autre;;;;Pension Alimentaire
896;05/12/2022;-180;0;Saison Adeline;Enfants;Pension Alimentaire;FrenchBanq;;Autre;;;;Pension Alimentaire
897;17/06/2022;-177,61;2;David Malbranque;Prêt Personnelle;Non remboursés;FrenchBanq;;Autre;;;;piece voiture
898;15/11/2021;-48,6;2;La Banque Postale;Abonnement/factures;Abonnement/factures;FrenchBanq;;Autre;;;;Suivi courrier
